rel,bytes,sha256,origin,refs,ref_files
assets/mvp-deck/go2-blender/go2-calf-v4.mp4,50694,21f56eb978103fdde29863f1417d36fa833e84c09f83f093406bf10af994d2d2,lab 에서 다시 구워짐,2,assets/mvp-deck/index.html | assets/mvp-deck/go2-blender/v4-manifest.json
assets/mvp-deck/go2-blender/go2-fl-v4.mp4,57342,85969edf3c8ddc493616692720891975b1144667a4fb93b5c26d8f8bd0090610,lab 에서 다시 구워짐,2,assets/mvp-deck/index.html | assets/mvp-deck/go2-blender/v4-manifest.json
assets/mvp-deck/go2-blender/go2-forward-v4.mp4,80306,fde63d3096f302ea9fc49be492513b3c31438e4c3b27ed8157e4bf6b7cd22161,lab 에서 다시 구워짐,2,assets/mvp-deck/index.html | assets/mvp-deck/go2-blender/v4-manifest.json
assets/mvp-deck/go2-blender/go2-fr-v4.mp4,58251,16f71346ebb17b62bc2f353cb93ec76cd176f1e7c257916c75c7105856762f1b,lab 에서 다시 구워짐,2,assets/mvp-deck/index.html | assets/mvp-deck/go2-blender/v4-manifest.json
assets/mvp-deck/go2-blender/go2-hip-v4.mp4,101675,80489b4c0f2896f5c910251ac1c7a8d08b7e46f7a3f2aa942f0d5f85a1929155,lab 에서 다시 구워짐,2,assets/mvp-deck/index.html | assets/mvp-deck/go2-blender/v4-manifest.json
assets/mvp-deck/go2-blender/go2-lateral-v4.mp4,80490,e4a7828f34c3ac5128ab714aa44b67d50e7388aec2a049196a7f381945d2122a,lab 에서 다시 구워짐,2,assets/mvp-deck/index.html | assets/mvp-deck/go2-blender/v4-manifest.json
assets/mvp-deck/go2-blender/go2-rl-v4.mp4,56808,b3b9d273e306db82716495ef4cf9e494a7620ec9c8e2f0ea78a9a30174747c67,lab 에서 다시 구워짐,2,assets/mvp-deck/index.html | assets/mvp-deck/go2-blender/v4-manifest.json
assets/mvp-deck/go2-blender/go2-rr-v4.mp4,55847,1ba3645518cd4f5bb561f074e69b7dd83568bb1de1f924b6a07948796370670f,lab 에서 다시 구워짐,2,assets/mvp-deck/index.html | assets/mvp-deck/go2-blender/v4-manifest.json
assets/mvp-deck/go2-blender/go2-thigh-v4.mp4,88464,d9385c79de7f201492bd629fd184ca7631adf9841820190b2487aab32c20f03c,lab 에서 다시 구워짐,2,assets/mvp-deck/index.html | assets/mvp-deck/go2-blender/v4-manifest.json
assets/mvp-deck/go2-blender/go2-yaw-v4.mp4,135246,98bc0513901525ffa6c5e383f98ffdf2613e7556b9beb523dc3071b00616d4a8,lab 에서 다시 구워짐,2,assets/mvp-deck/index.html | assets/mvp-deck/go2-blender/v4-manifest.json
assets/mvp-deck/media/discrete_obstacles-v1.5-2.mp4,1394891,0d5e65a4d4fa5a68b08dccd79822175d9beb2fdc716017f204cacc3e7a4469bc,lab 에서 다시 구워짐,1,assets/mvp-deck/index.html
assets/mvp-deck/media/discrete_obstacles-v1.5-baseline.mp4,332493,89dbc085c28d8b89c15646e256d7ecf056b542d2a852f9ea2499e53b144ba771,lab 에서 다시 구워짐,3,assets/mvp-deck/index.html | gallery/v1/manifest.json | gallery/v2/manifest.json
assets/mvp-deck/media/discrete_obstacles-v1.5.mp4,297724,74a554cf25b89b7041362af773a87f7d23c170ec697a031f3085f7e8171c39ae,lab 에서 다시 구워짐,3,assets/mvp-deck/index.html | gallery/v1/manifest.json | gallery/v2/manifest.json
assets/mvp-deck/media/film-master-v8.mp4,18129728,ccd9ff11ef05e54bce8340587fa677f3c3f63a2a1c1278e32e44e64671b759db,lab 에서 다시 구워짐,1,assets/mvp-deck/index.html
assets/mvp-deck/media/floating_ring-v0.5-2.mp4,2281670,392544c5aaa0e287f6d79c1b580d8f5378ef843b4f0321e3fc7ea27d19f8c38a,lab 에서 다시 구워짐,1,assets/mvp-deck/index.html
assets/mvp-deck/media/floating_ring-v0.5-baseline.mp4,383802,c1cc1e46e8f8b8f455012f5e7b93e4b02674a96e658e4246ca966f25810ac0d6,lab 에서 다시 구워짐,3,assets/mvp-deck/index.html | gallery/v1/manifest.json | gallery/v2/manifest.json
assets/mvp-deck/media/floating_ring-v0.5.mp4,520528,e34245bdc786067be20eb9c2ee6ed4e83b5a476bd00891d0671094c17577721b,lab 에서 다시 구워짐,3,assets/mvp-deck/index.html | gallery/v1/manifest.json | gallery/v2/manifest.json
assets/mvp-deck/media/floating_ring-v1-2.mp4,1330974,0af4cd9b07808695849c9d4b8f9edfc46b6fd716ed1b94fa1dcfeff1c5a5b6f9,lab 에서 다시 구워짐,1,assets/mvp-deck/index.html
assets/mvp-deck/media/floating_ring-v1-baseline.mp4,217890,befbf9c9331ca7291bc5c4a0f1425fbbf3924a1de201b9e32e3305a7f0000778,lab 에서 다시 구워짐,3,assets/mvp-deck/index.html | gallery/v1/manifest.json | gallery/v2/manifest.json
assets/mvp-deck/media/floating_ring-v1.5-2.mp4,1053019,6d3f7826e338b632ad826165cc38bfe508f35dfab70312fa66a34120914d1da4,lab 에서 다시 구워짐,1,assets/mvp-deck/index.html
assets/mvp-deck/media/floating_ring-v1.5-baseline.mp4,209703,165bf9e15396ea6b2ed4a95a5680efe22fb480dcac32cb660b31afeca02949cf,lab 에서 다시 구워짐,3,assets/mvp-deck/index.html | gallery/v1/manifest.json | gallery/v2/manifest.json
assets/mvp-deck/media/floating_ring-v1.5.mp4,221359,05f3861917c492d7d7e1fafb235cfc75797053af64527326c70f3d1a98d1ee16,lab 에서 다시 구워짐,3,assets/mvp-deck/index.html | gallery/v1/manifest.json | gallery/v2/manifest.json
assets/mvp-deck/media/floating_ring-v1.mp4,304954,de052af62152c683e4e616e17f492b1492b3e60c7f2ea321878c0818eeac9db4,lab 에서 다시 구워짐,3,assets/mvp-deck/index.html | gallery/v1/manifest.json | gallery/v2/manifest.json
assets/mvp-deck/media/FULL_v6.mp4,77795578,7c12d6b1d62eff45183b19e3c7cd4e9ca1527a4182c3e7c9d055ae9ca068b02a,lab 에서 다시 구워짐,1,assets/mvp-deck/index.html
assets/mvp-deck/media/gap-v0.5-2.mp4,2198953,a46e9a1b96827726ddf105929e8d27eb697aafe31d63d8f84c7c8e791a6fc2c4,lab 에서 다시 구워짐,1,assets/mvp-deck/index.html
assets/mvp-deck/media/gap-v0.5-baseline.mp4,448064,bf54760652ded980f450472f98e78f64eeaa6c2eb39590e2afbb9ddb5caf33e1,lab 에서 다시 구워짐,3,assets/mvp-deck/index.html | gallery/v1/manifest.json | gallery/v2/manifest.json
assets/mvp-deck/media/gap-v0.5.mp4,490680,e1ec5b21f2a3f6e67f65ba514709b7b76419d76b483f556de04c031ba181b2ec,lab 에서 다시 구워짐,3,assets/mvp-deck/index.html | gallery/v1/manifest.json | gallery/v2/manifest.json
assets/mvp-deck/media/gap-v1-2.mp4,1280204,4e60c0824a95065c114d1a622d6e55d984a781b84cb96c6c8762ffaba916b8d2,lab 에서 다시 구워짐,1,assets/mvp-deck/index.html
assets/mvp-deck/media/gap-v1-baseline.mp4,338427,917394e5d4c9731afce6d288cf010e01b04013d4d64342700334ad0f7d3d3b66,lab 에서 다시 구워짐,5,report-v1.html | assets/mvp-deck/index.html | assets/mvp-deck/script.html
assets/mvp-deck/media/gap-v1.5-2.mp4,987038,3474aa37137445cf4712cb2992dd0d7d8be652c739eae3e4b8b00b4f8d3bb494,lab 에서 다시 구워짐,1,assets/mvp-deck/index.html
assets/mvp-deck/media/gap-v1.5-baseline.mp4,245313,2a2e9387e92dbf60fb02154b3e7e4827e682f432b55aa06ba1f2da5ef47d344c,lab 에서 다시 구워짐,3,assets/mvp-deck/index.html | gallery/v1/manifest.json | gallery/v2/manifest.json
assets/mvp-deck/media/gap-v1.5.mp4,214852,d11a7e32cc0724165348a3f9bb4cf7a85cbc6aefa9bd60519845bdcddf49970e,lab 에서 다시 구워짐,3,assets/mvp-deck/index.html | gallery/v1/manifest.json | gallery/v2/manifest.json
assets/mvp-deck/media/gap-v1.mp4,277403,8f3e1cebce3203b8e1bb819fb5200ecb5dc8a6ca7fdd90e2b5678fc530786630,lab 에서 다시 구워짐,6,report-v1.html | report-v2.html | assets/deliverables/mvp-submission-presented.html
assets/mvp-deck/media/hero-pit-v15-nvidia.mp4,294730,59cf2d204b133b2985d5c3dff30857829bd3189fe996fe4105889391e6dd385b,lab 에서 다시 구워짐,3,report-v2.html | assets/deliverables/mvp-submission-presented.html | assets/mvp-deck/index.html
assets/mvp-deck/media/hero-pit-v15-v1.mp4,376082,959229e0737ab804d283c1c42881ae3ddb288c9c01b2430d1a29dbee5ada619a,lab 에서 다시 구워짐,3,report-v2.html | assets/deliverables/mvp-submission-presented.html | assets/mvp-deck/index.html
assets/mvp-deck/media/hero-pit-v15-v2.mp4,379033,d2f6aba0b4e36613c6ad5cab43dc2f47340b5f9b6b4c80defcb2a58ab1ba8137,lab 에서 다시 구워짐,3,report-v2.html | assets/deliverables/mvp-submission-presented.html | assets/mvp-deck/index.html
assets/mvp-deck/media/lineage-gap-D-fail.mp4,571945,ec2cd0e4baa213f0cac74ffed72a750ec6de4a20830d36b10926c1c4238f25db,lab 에서 다시 구워짐,3,report-v2.html | assets/deliverables/mvp-submission-presented.html | assets/mvp-deck/index.html
assets/mvp-deck/media/lineage-gap-v1.mp4,498311,6706c33d503a649784aa292aa9f8a908c7946a4e32ed5b11f0f28c6bbe279627,lab 에서 다시 구워짐,3,report-v2.html | assets/deliverables/mvp-submission-presented.html | assets/mvp-deck/index.html
assets/mvp-deck/media/pit-v0.5-2.mp4,2238397,8938058112f3198a6ee6f6e2ae705f7abe26dc723744473ad9ad9f1386bf5af9,lab 에서 다시 구워짐,1,assets/mvp-deck/index.html
assets/mvp-deck/media/pit-v0.5-baseline.mp4,359623,1dafa726b5d5bf9fcdab28e52cab43075adef6a980c85ffa3861b835673b9c0f,lab 에서 다시 구워짐,3,assets/mvp-deck/index.html | gallery/v1/manifest.json | gallery/v2/manifest.json
assets/mvp-deck/media/pit-v0.5.mp4,499987,b8b785bf54cc9c3489410f9ac91ac1f17f51322865577cea3bd032128dd1e1c7,lab 에서 다시 구워짐,3,assets/mvp-deck/index.html | gallery/v1/manifest.json | gallery/v2/manifest.json
assets/mvp-deck/media/pit-v1-2.mp4,1277851,c583d8f0d6af6cbe4589341f8348ca5b9e4dd7a7dab41ad40364f6f22f4be72c,lab 에서 다시 구워짐,1,assets/mvp-deck/index.html
assets/mvp-deck/media/pit-v1-baseline.mp4,233981,c3d37503d906d88693ef052fd836effef10578c92da4bca0708b3e45dce5f569,lab 에서 다시 구워짐,3,assets/mvp-deck/index.html | gallery/v1/manifest.json | gallery/v2/manifest.json
assets/mvp-deck/media/pit-v1.5-2.mp4,988389,0069d4f41f2384067b37235e006d86761b4ee77a88e15a344747b8f3b78f8291,lab 에서 다시 구워짐,1,assets/mvp-deck/index.html
assets/mvp-deck/media/pit-v1.5-baseline.mp4,164719,3a3607999ac50f40585c634271092fa293388c44b1ec12c3303a78e2e96c5fd1,lab 에서 다시 구워짐,3,assets/mvp-deck/index.html | gallery/v1/manifest.json | gallery/v2/manifest.json
assets/mvp-deck/media/pit-v1.5.mp4,201431,36d1e1c9bc83776aa7ae216d7686159ed1829343d8667dd5b0ce34bc7d4fbba4,lab 에서 다시 구워짐,3,assets/mvp-deck/index.html | gallery/v1/manifest.json | gallery/v2/manifest.json
assets/mvp-deck/media/pit-v1.mp4,271383,96bdef3b21c8f8542a783fcb2956873233ddcfbf65242de3c10f25b95bc56d06,lab 에서 다시 구워짐,3,assets/mvp-deck/index.html | gallery/v1/manifest.json | gallery/v2/manifest.json
assets/mvp-deck/media/rails-v0.5-2.mp4,2267081,fbd32a8e8babdb43cb679f211f7f6ab4097204af0447b43d6925c139666d1055,lab 에서 다시 구워짐,1,assets/mvp-deck/index.html
assets/mvp-deck/media/rails-v0.5-baseline.mp4,350249,1baa98025c2bf2d11ec97eaf5abc25159dbfec5178f66e997445dc17c49e999d,lab 에서 다시 구워짐,3,assets/mvp-deck/index.html | gallery/v1/manifest.json | gallery/v2/manifest.json
assets/mvp-deck/media/rails-v0.5.mp4,583686,988b02bf42ee47a70cb394accc64083ba1e7da202938db55064b2aecdd1d73a5,lab 에서 다시 구워짐,3,assets/mvp-deck/index.html | gallery/v1/manifest.json | gallery/v2/manifest.json
assets/mvp-deck/media/rails-v1-2.mp4,1341434,bc57b2985254d046ec29167c418896c6c3d099479cddd25769a77e72a73ca8ec,lab 에서 다시 구워짐,1,assets/mvp-deck/index.html
assets/mvp-deck/media/rails-v1-baseline.mp4,346681,753b7c0dbe18d405a819a97e9bfc95bfd9d40e09cd80b2111d31237db60f8d8c,lab 에서 다시 구워짐,3,assets/mvp-deck/index.html | gallery/v1/manifest.json | gallery/v2/manifest.json
assets/mvp-deck/media/rails-v1.5-2.mp4,1097344,9c2e1e35971762bf2c911560b8970be6df2901e9fdd9ec48ef6c1f770d315a26,lab 에서 다시 구워짐,1,assets/mvp-deck/index.html
assets/mvp-deck/media/rails-v1.5-baseline.mp4,214094,98bbdb11dcc2be22d4a80961d7973c6c2e2ce96468a48bc2a06bb9e819d2563a,lab 에서 다시 구워짐,3,assets/mvp-deck/index.html | gallery/v1/manifest.json | gallery/v2/manifest.json
assets/mvp-deck/media/rails-v1.5.mp4,246478,cc60feacf355732035521a5c81139e5800a0c6d902462a9481b9b070d37175c1,lab 에서 다시 구워짐,3,assets/mvp-deck/index.html | gallery/v1/manifest.json | gallery/v2/manifest.json
assets/mvp-deck/media/rails-v1.mp4,353948,ba6480364722a3c3d4f9c796e659c32e07366fc6ca98f0b1ccff5d9defdb53bd,lab 에서 다시 구워짐,4,report-v1.html | assets/mvp-deck/index.html | gallery/v1/manifest.json
assets/mvp-deck/media/repeated_boxes-v1.5-2.mp4,972198,a703fa51331b8dd22350930fa8b588017824d32112743c8331c57e1e05dfd37d,lab 에서 다시 구워짐,1,assets/mvp-deck/index.html
assets/mvp-deck/media/repeated_boxes-v1.5-baseline.mp4,233735,5658cf8c9edc17f073c778b5b1eaa9f97cbb6d1ad5aa963da4b7f415a3d54ce5,lab 에서 다시 구워짐,3,assets/mvp-deck/index.html | gallery/v1/manifest.json | gallery/v2/manifest.json
assets/mvp-deck/media/repeated_boxes-v1.5.mp4,215613,8e6f6785c8b48af80e8aed57ba01a27e6ca8cc7dbc882fec374d50fd280c76d0,lab 에서 다시 구워짐,3,assets/mvp-deck/index.html | gallery/v1/manifest.json | gallery/v2/manifest.json
assets/mvp-deck/media/repeated_cylinders-v1.5-2.mp4,952330,d6ef326ad699d558295a2cfe9b26c965a214fbef8305314e90f1a861295aa7f1,lab 에서 다시 구워짐,1,assets/mvp-deck/index.html
assets/mvp-deck/media/repeated_cylinders-v1.5-baseline.mp4,228743,ab502beda2f3b95e9fab61622452c511f08ea0cdf8dc6e49474fb1dc6f1e9ce3,lab 에서 다시 구워짐,3,assets/mvp-deck/index.html | gallery/v1/manifest.json | gallery/v2/manifest.json
assets/mvp-deck/media/repeated_cylinders-v1.5.mp4,207910,a1debea353434a35c3b7a346b988d728152d627809400a41ffbb492fbb1ef9c6,lab 에서 다시 구워짐,3,assets/mvp-deck/index.html | gallery/v1/manifest.json | gallery/v2/manifest.json
assets/mvp-deck/media/run.mp4,359225,09399bb277ac89baf6ee503cae29c98e39ffa268cc5850a1b2845ea5ea74c2c3,lab 에서 다시 구워짐,1,assets/mvp-deck/index.html
assets/mvp-deck/media/star-v1.5-2.mp4,1357444,452c790198b339373ad0dbbfa2a9d14c07071bce61bb57b1ee0def05d1a52eea,lab 에서 다시 구워짐,1,assets/mvp-deck/index.html
assets/mvp-deck/media/star-v1.5-baseline.mp4,327745,05be6fc13a12f1a3bd455dd959455e99d00c5f2a8054debf49008b7fa70ddedd,lab 에서 다시 구워짐,3,assets/mvp-deck/index.html | gallery/v1/manifest.json | gallery/v2/manifest.json
assets/mvp-deck/media/star-v1.5.mp4,297112,5f74edd2848e66a6da23f86e754418d48fa71fc958de82aa184cc32f69fb5645,lab 에서 다시 구워짐,3,assets/mvp-deck/index.html | gallery/v1/manifest.json | gallery/v2/manifest.json
assets/mvp-deck/media/stepping-stones-v2.mp4,841599,852750613e6b394d8bb26bf068328bc4ba7bc4bceec705115fd2017fb3a24398,lab 에서 다시 구워짐,3,report-v2.html | assets/deliverables/mvp-submission-presented.html | assets/mvp-deck/index.html
assets/mvp-deck/media/stepping_stones-v1-2.mp4,2624006,4819050914e5921c5f18954fc6b87688edcc5c03a91751123e9d012f6908a999,lab 에서 다시 구워짐,1,assets/mvp-deck/index.html
assets/mvp-deck/media/stepping_stones-v1-baseline.mp4,527321,4f8ea0b6578b590ae6db59bf97b86c1b6422f21e355448b7c048085420b08867,lab 에서 다시 구워짐,4,report-v1.html | assets/mvp-deck/index.html | gallery/v1/manifest.json
assets/mvp-deck/media/stepping_stones-v1.mp4,441053,2b78287ee18d939173bcbd162eeeea0af6b26d6998e557ee07edd233c435ea79,lab 에서 다시 구워짐,4,report-v1.html | assets/mvp-deck/index.html | gallery/v1/manifest.json
assets/mvp-deck/media/test_20260916_112122728.mp4,12252067,f7f77fe00e3302dd37aabee0ce40f59508340d036310bde67ced59bdda592a29,lab 에서 다시 구워짐,1,assets/mvp-deck/index.html
assets/mvp-deck/media/train-army.mp4,3916500,195a291a6ef6c6c53a20891997e65e5f42fc0033651ba1421c16bc103fd71bd8,lab 에서 다시 구워짐,4,report-v2.html | assets/search-index.json | assets/deliverables/mvp-submission-presented.html
assets/mvp-deck/media/train-gap-forward.mp4,129178,a7feb68ca8d6feb77ea765456cc31dc107b1a5a325c9c1c9581983f762aa264f,lab 에서 다시 구워짐,3,report-v2.html | assets/deliverables/mvp-submission-presented.html | assets/mvp-deck/index.html
assets/mvp-deck/media/train-gap-omni.mp4,128793,9e60fec65479331f6a0d55aa9e65a5c329071f502b412f6985d8b6555c0f7b6c,lab 에서 다시 구워짐,3,report-v2.html | assets/deliverables/mvp-submission-presented.html | assets/mvp-deck/index.html
assets/mvp-deck/media/u206-axis2-stop-nvidia.mp4,1429613,5983bf765a876ba6d1e87c42a657ef7647236e9ebd96d9414a570669d1b500e8,lab 에서 다시 구워짐,1,assets/mvp-deck/index.html
assets/mvp-deck/media/u206-axis2-stop-v1.mp4,2080682,01e4e82ba79fa94a713f77a205ad71ad540e693e24c0eb08763d51fafcd56ac8,lab 에서 다시 구워짐,1,assets/mvp-deck/index.html
assets/mvp-deck/media/u206-axis2-stop-v2.mp4,1806229,7961e75f4e73ba8747bd578fc3e025736a7694198930f91290d6028f9eba6767,lab 에서 다시 구워짐,1,assets/mvp-deck/index.html
assets/mvp-deck/media/u206-axis2-turn-v2.mp4,2885694,b3020d312e00e7e1485b5b4b3e075f870f685f4bb35789e52974c6cc9fe39966,lab 에서 다시 구워짐,1,assets/mvp-deck/index.html
assets/mvp-deck/media/wave-v1.5-2.mp4,1006362,b70a4909bffaed90b31faf316f67a52e78595b0a68f2fcddc8a380765ccf525c,lab 에서 다시 구워짐,1,assets/mvp-deck/index.html
assets/mvp-deck/media/wave-v1.5-baseline.mp4,232046,a529254d9ea946b386a7f3ccc47b2a315b655fde24e01e2e9a80aa0dfb67de1e,lab 에서 다시 구워짐,4,report-v1.html | assets/mvp-deck/index.html | gallery/v1/manifest.json
assets/mvp-deck/media/wave-v1.5.mp4,211210,279156715c2bf352de0c176f5237e1f68a2802ca7df59a2727199f0a64369760,lab 에서 다시 구워짐,4,report-v1.html | assets/mvp-deck/index.html | gallery/v1/manifest.json
assets/video/eval_1500iter_level0.mp4,1955123,1ab23c604eec90ed79000ff3853dbcd55c7f4122cdc86ddba33e262e7ca5f8e4,lab 에서 다시 구워짐,1,research-visual-evidence.html
assets/video/eval_1500iter_level3.mp4,2431390,f2300cff76c8352b88ce5279e671ceb4712b81381c80be65036e18a86ca4e7d2,lab 에서 다시 구워짐,1,research-visual-evidence.html
assets/video/eval_1500iter_level6.mp4,2443920,682c579b2a40b4f895ac0b4452c4505761ead4ef39f1405ae13472e2af32f121,lab 에서 다시 구워짐,2,pitch.html | research-visual-evidence.html
assets/video/eval_1500iter_level9.mp4,2459010,8a1e602028ae9b1ff873b5f389309781f5fa8f2dce8d002898a88042c7edc28f,lab 에서 다시 구워짐,1,research-visual-evidence.html
assets/video/eval_300iter_fixed_cmd.mp4,1598829,d516be0032a41c8e2e5f3f3dedaa9292c1e7738117f6b5aea55da946aa8a59e4,lab 에서 다시 구워짐,1,research-visual-evidence.html
assets/video/eval_300iter_random_cmd.mp4,1027481,af971ca6a9b648348ce11b2e25ce4381d430c7701f7d8525f5220228c9a3d589,lab 에서 다시 구워짐,0,
assets/video/genbench/discrete_obstacles-step-0.mp4,700127,4773a14f162b33b8959ba0bb20d3c51ebdd952dc9bcd1752dca5c265a762ca23,lab 에서 다시 구워짐,1,research-generalization-benchmark-10-terrains.html
assets/video/genbench/floating_ring-step-0.mp4,640250,0e7d5eb43a7bbb0a4bf35cca72f03092078e2a6876aac663f5b4b3a98772107b,lab 에서 다시 구워짐,1,research-generalization-benchmark-10-terrains.html
assets/video/genbench/gap-step-0.mp4,762067,f836fa9301ff608ae191a65c4b660f2be376c0542123994172a045302f98aeaf,lab 에서 다시 구워짐,1,research-generalization-benchmark-10-terrains.html
assets/video/genbench/pit-step-0.mp4,557659,39a485b9fa4ce2b2864ea27c6b3f615916eaef52260dd39b568a0c240388641b,lab 에서 다시 구워짐,1,research-generalization-benchmark-10-terrains.html
assets/video/genbench/rails-step-0.mp4,719659,4af1f4d73d47649275e3b6f61145c8855221f41022cd4dcd1e900be46de4919b,lab 에서 다시 구워짐,1,research-generalization-benchmark-10-terrains.html
assets/video/genbench/repeated_boxes-step-0.mp4,694761,03c985ff4e163366264b365bc9e3c830b19f27b51163f065136ed616f1f2f0d3,lab 에서 다시 구워짐,1,research-generalization-benchmark-10-terrains.html
assets/video/genbench/repeated_cylinders-step-0.mp4,696214,a2a512c727d3c7e0bdfb7ce37c432fd5f853d0b8e8aa2d19ceffb031dbf60075,lab 에서 다시 구워짐,1,research-generalization-benchmark-10-terrains.html
assets/video/genbench/star-step-0.mp4,705039,84b1d3a5705aeb6e174e54abdac8351648d01774d1e964761856ba59bb183a44,lab 에서 다시 구워짐,1,research-generalization-benchmark-10-terrains.html
assets/video/genbench/stepping_stones-step-0.mp4,587615,d987437b492d720b9edc933b182a58e22415c7f2f525ad2eb114d31647db473c,lab 에서 다시 구워짐,1,research-generalization-benchmark-10-terrains.html
assets/video/genbench/wave-step-0.mp4,693739,d33f8743363ac4d3fbd7dcca7330431769ebb25eef8b9711b032f84d39752188,lab 에서 다시 구워짐,1,research-generalization-benchmark-10-terrains.html
assets/video/pretrained_first_playback_20260729.mp4,531316,1cdf6104cb1b547aec0235ab0224bc4b44fda156e1c1e0e6550331a117f6ca27,lab 에서 다시 구워짐,1,research-visual-evidence.html
assets/video/train1500_playback.mp4,84424,7fca22d4a62959d81995f5f06fe24bcb3007a8484b7440e765c780c5a046eb24,lab 에서 다시 구워짐,0,
assets/video/trainA_noflag_300iter.mp4,1157039,888b9eb1fc6921df745effb08bc0c1618845f5eef85d0e76e10fc52aa0d8afbb,lab 에서 다시 구워짐,1,research-visual-evidence.html
assets/video/trainB_flag_300iter.mp4,817790,855d509a8044bba79fb610268064c2e6eacc44b40502b6b37e5a243c6023f6c4,lab 에서 다시 구워짐,1,research-visual-evidence.html
assets/video/usdscene_warehouse.mp4,520720,07183f7482ac253ed63032d52c174941bea50f474beeab01fcd73c95270dda2c,lab 에서 다시 구워짐,1,research-visual-evidence.html
assets/video/v2/army-terrains.mp4,408226,de86d3dd7236ba842bf742b372157e78b6de3b3115f755c3355b2a910d0ea135,lab 에서 다시 구워짐,0,
assets/video/v2/axis2-hold-nvidia.mp4,927581,a866b701d10ddb3ba9eaa06c06fbb72abac7ea3d40ca743a301ee938cc79846a,lab 에서 다시 구워짐,3,report-v2.html | assets/deliverables/mvp-submission-presented.html | gallery/v2/axis2.json
assets/video/v2/axis2-hold-v1.mp4,1519019,00a26325c8b2ae78c38c4f30d9091e13e434b44c6aefbafb8c6399be6d301bc7,lab 에서 다시 구워짐,3,report-v2.html | assets/deliverables/mvp-submission-presented.html | gallery/v2/axis2.json
assets/video/v2/axis2-hold-v2.mp4,705715,49b6a6d91c5d8b30c4850e36e5f9bbd713f359abf4b2e89d64f23357e1019479,lab 에서 다시 구워짐,3,report-v2.html | assets/deliverables/mvp-submission-presented.html | gallery/v2/axis2.json
assets/video/v2/axis2-stop-nvidia.mp4,1128833,b501ea72176b4616c30eddc4d0151a31f84e11284d6f4d16938d004a564c05ad,lab 에서 다시 구워짐,4,report-v2.html | assets/deliverables/mvp-submission-presented.html | assets/mvp-deck/index.html
assets/video/v2/axis2-stop-v1.mp4,1601243,881d7ac7b1aa5036cbbd7606ba67aadc39de16e2e1fcad7d256b8a4b30a55361,lab 에서 다시 구워짐,4,report-v2.html | assets/deliverables/mvp-submission-presented.html | assets/mvp-deck/index.html
assets/video/v2/axis2-stop-v2.mp4,1353892,2eebdc77bd551d8eca3677daac80c261c5cabdf1d86a9c24aec62f968f7d5a44,lab 에서 다시 구워짐,4,report-v2.html | assets/deliverables/mvp-submission-presented.html | assets/mvp-deck/index.html
assets/video/v2/axis2-turn-nvidia.mp4,2715266,f484a063ee804ad400eff42c80e5bff71cc7bb0a8d7bcd757a744c94b4731959,lab 에서 다시 구워짐,3,report-v2.html | assets/deliverables/mvp-submission-presented.html | gallery/v2/axis2.json
assets/video/v2/axis2-turn-v1.mp4,1356524,99b280c4281a9dea79ce89651aaa150962a9ea4d3bb0ca557c0b402d6375cdfc,lab 에서 다시 구워짐,3,report-v2.html | assets/deliverables/mvp-submission-presented.html | gallery/v2/axis2.json
assets/video/v2/axis2-turn-v2.mp4,2613231,078c225ddb73bab43b808ed946dcc4e86a926ee513b2b14e5031dd3da2a20b37,lab 에서 다시 구워짐,4,report-v2.html | assets/deliverables/mvp-submission-presented.html | assets/mvp-deck/index.html
assets/video/v2/axis2ext-slow010-nvidia.mp4,726738,5e94c45565cb1af11b16bce041f38c0e00a3d2f244af226180eea10165128a56,lab 에서 다시 구워짐,3,report-v2.html | assets/deliverables/mvp-submission-presented.html | gallery/v2/axis2.json
assets/video/v2/axis2ext-slow010-v1.mp4,2678624,7f2c4156a82f864f1c47ed38da8f0036c8fad20fe63fe2c7d30810c2ac59bd16,lab 에서 다시 구워짐,3,report-v2.html | assets/deliverables/mvp-submission-presented.html | gallery/v2/axis2.json
assets/video/v2/axis2ext-slow010-v2.mp4,2822587,367deec100dc9b7ef3e0a56cc70713c019128ea51674a660de56739696ce4a96,lab 에서 다시 구워짐,3,report-v2.html | assets/deliverables/mvp-submission-presented.html | gallery/v2/axis2.json
assets/video/v2/axis2ext-slow020-nvidia.mp4,1531246,9fca29cf118f4f0c667ff271cd898757c4f6ee8fc3a86e8977759fd15238c585,lab 에서 다시 구워짐,3,report-v2.html | assets/deliverables/mvp-submission-presented.html | gallery/v2/axis2.json
assets/video/v2/axis2ext-slow020-v1.mp4,2579815,184dc14a0650f42c53374267b469d2e913bac7b7471691f7424a675c9484f548,lab 에서 다시 구워짐,3,report-v2.html | assets/deliverables/mvp-submission-presented.html | gallery/v2/axis2.json
assets/video/v2/axis2ext-slow020-v2.mp4,2745518,554d3eafb11da22ea8c2d7bce01c7e4f16a119a59bd16ea43b75f12277e72bba,lab 에서 다시 구워짐,3,report-v2.html | assets/deliverables/mvp-submission-presented.html | gallery/v2/axis2.json
assets/video/v2/axis2ext-slow030-nvidia.mp4,2619001,7608d4e1d2e3c770021872887b6dcba3a31d8dec198d72369759b5adf9691341,lab 에서 다시 구워짐,3,report-v2.html | assets/deliverables/mvp-submission-presented.html | gallery/v2/axis2.json
assets/video/v2/axis2ext-slow030-v1.mp4,2357174,150e715b1506eed6838be740b3b24e86f623d332085ee622d7fb7ec72c67d712,lab 에서 다시 구워짐,3,report-v2.html | assets/deliverables/mvp-submission-presented.html | gallery/v2/axis2.json
assets/video/v2/axis2ext-slow030-v2.mp4,2626655,04b7403087bf94ebddb2aa2b2ea09e939b67e19e9383907bb292f2e2ef0ee183,lab 에서 다시 구워짐,3,report-v2.html | assets/deliverables/mvp-submission-presented.html | gallery/v2/axis2.json
assets/video/v2/axis2ext-slow040-nvidia.mp4,2855621,3b09be7620475dd87b155024681176d856b3288397ddebf0ebc85a042c44ea19,lab 에서 다시 구워짐,3,report-v2.html | assets/deliverables/mvp-submission-presented.html | gallery/v2/axis2.json
assets/video/v2/axis2ext-slow040-v1.mp4,2550342,2fb1254aa4266463e541f88ffd62c0d2e3f5aa61b51860184afcac60b2760635,lab 에서 다시 구워짐,3,report-v2.html | assets/deliverables/mvp-submission-presented.html | gallery/v2/axis2.json
assets/video/v2/axis2ext-slow040-v2.mp4,2205317,5e340a6aac892ce0d0593dca10c1daeb67f0576e62e09ab35ae0725d0dce555d,lab 에서 다시 구워짐,3,report-v2.html | assets/deliverables/mvp-submission-presented.html | gallery/v2/axis2.json
assets/video/v2/axis2ext-turnrest-nvidia.mp4,3500717,3be114388fc303b4b85b4cd25e6d7e3dc3663006093050f4ae230eb013d88c29,lab 에서 다시 구워짐,3,report-v2.html | assets/deliverables/mvp-submission-presented.html | gallery/v2/axis2.json
assets/video/v2/axis2ext-turnrest-v1.mp4,967554,81821b1d221df421f91fd00b74d33eb613a4cd5c9d4a057f7a7c2c71adb33192,lab 에서 다시 구워짐,3,report-v2.html | assets/deliverables/mvp-submission-presented.html | gallery/v2/axis2.json
assets/video/v2/axis2ext-turnrest-v2.mp4,3786348,0eade97c3b7fefabc6c3f0f53cea2f202585589ac78e1dca6b7ec4a726ce335f,lab 에서 다시 구워짐,3,report-v2.html | assets/deliverables/mvp-submission-presented.html | gallery/v2/axis2.json
assets/video/v2/axis2ext-turnrev-nvidia.mp4,2852879,84b1c5d442e42d21659f49c43b13339838964e4d250e8e45fb82c39f79963cbe,lab 에서 다시 구워짐,3,report-v2.html | assets/deliverables/mvp-submission-presented.html | gallery/v2/axis2.json
assets/video/v2/axis2ext-turnrev-v1.mp4,2413723,2b564e92ad264898d90a66fe9ca12b516735e2df818d6cc081798d30746418a0,lab 에서 다시 구워짐,3,report-v2.html | assets/deliverables/mvp-submission-presented.html | gallery/v2/axis2.json
assets/video/v2/axis2ext-turnrev-v2.mp4,2508096,9fe4824e4be8663769cec7164974167e821babfdd9ef330306282f6422413f44,lab 에서 다시 구워짐,3,report-v2.html | assets/deliverables/mvp-submission-presented.html | gallery/v2/axis2.json
assets/video/v2/hero-floatingring-v15-nvidia.mp4,374856,60c9c8d685270878b94e3965f9feab58937be91826f38fef357db65775b9f449,lab 에서 다시 구워짐,2,report-v2.html | assets/deliverables/mvp-submission-presented.html
assets/video/v2/hero-floatingring-v15-v1.mp4,407503,66c6b425cb6a6b6910851c5dac4de1d46772dbcd45b96874e0fac813f1ce3b24,lab 에서 다시 구워짐,2,report-v2.html | assets/deliverables/mvp-submission-presented.html
assets/video/v2/hero-floatingring-v15-v2.mp4,408978,7469c26d5ffff0ed1139bcb2ca57c17f300748075bcd52b2bb62355132b4fa81,lab 에서 다시 구워짐,2,report-v2.html | assets/deliverables/mvp-submission-presented.html
assets/video/v2/hero-pit-v15-nvidia.mp4,294730,59cf2d204b133b2985d5c3dff30857829bd3189fe996fe4105889391e6dd385b,lab 에서 다시 구워짐,3,report-v2.html | assets/deliverables/mvp-submission-presented.html | assets/mvp-deck/index.html
assets/video/v2/hero-pit-v15-v1.mp4,376082,959229e0737ab804d283c1c42881ae3ddb288c9c01b2430d1a29dbee5ada619a,lab 에서 다시 구워짐,3,report-v2.html | assets/deliverables/mvp-submission-presented.html | assets/mvp-deck/index.html
assets/video/v2/hero-pit-v15-v2.mp4,379033,d2f6aba0b4e36613c6ad5cab43dc2f47340b5f9b6b4c80defcb2a58ab1ba8137,lab 에서 다시 구워짐,3,report-v2.html | assets/deliverables/mvp-submission-presented.html | assets/mvp-deck/index.html
assets/video/v2/hero-steppingstones-v10-nvidia.mp4,992849,73dd70f4579214573963cdef9a7f4c30d957adf641e9c2ed442e88e09cc87d32,lab 에서 다시 구워짐,2,report-v2.html | assets/deliverables/mvp-submission-presented.html
assets/video/v2/hero-steppingstones-v10-v1.mp4,816679,d79e115204f451c8308a397e465956f6a9efc913efe742d8ba9d399052b62e31,lab 에서 다시 구워짐,2,report-v2.html | assets/deliverables/mvp-submission-presented.html
assets/video/v2/hero-steppingstones-v10-v2.mp4,1234110,43381b2cb87541bddfcd448022f911583d4f2064f90699e4ed09753e2738c865,lab 에서 다시 구워짐,2,report-v2.html | assets/deliverables/mvp-submission-presented.html
assets/video/v2/lineage-gap-D-fail.mp4,571945,ec2cd0e4baa213f0cac74ffed72a750ec6de4a20830d36b10926c1c4238f25db,lab 에서 다시 구워짐,3,report-v2.html | assets/deliverables/mvp-submission-presented.html | assets/mvp-deck/index.html
assets/video/v2/lineage-gap-D.mp4,518161,f60b4204ce8f9b6cd32ad2df0bfe220e3001e2f0da10af45f60d8f7c533d5764,lab 에서 다시 구워짐,0,
assets/video/v2/lineage-gap-v1.mp4,498311,6706c33d503a649784aa292aa9f8a908c7946a4e32ed5b11f0f28c6bbe279627,lab 에서 다시 구워짐,3,report-v2.html | assets/deliverables/mvp-submission-presented.html | assets/mvp-deck/index.html
assets/video/v2/lineage-gap-v2.mp4,496651,da2d630cb981477daf6a39bb118f040dbe9ad1a0cb169fa0a8404b7c3444e983,lab 에서 다시 구워짐,2,report-v2.html | assets/deliverables/mvp-submission-presented.html
assets/video/v2/regress-stairsinv-d09-v1.mp4,426855,50ed7be7fbb3d467d0bc292b5af9594284d7af619d08cd6f257a1c2bdd922377,lab 에서 다시 구워짐,2,report-v2.html | assets/deliverables/mvp-submission-presented.html
assets/video/v2/regress-stairsinv-d09-v2.mp4,430343,8fa662a2d6c53f7f81b139600335eeee1db86637d4163d25809419e6c25dabf6,lab 에서 다시 구워짐,2,report-v2.html | assets/deliverables/mvp-submission-presented.html
assets/video/v2/ss-v1-fail.mp4,832056,85ae4dcf7b6743b03d97913c1131289f1d26aca6c5e2054655e7e8c144547a45,lab 에서 다시 구워짐,2,report-v2.html | assets/deliverables/mvp-submission-presented.html
assets/video/v2/stepping-stones-v2-cross.mp4,884296,4642ff277c336d35b7836f64bd6a1486fae5c1513bf9a3e09e1c4f4503367ac0,lab 에서 다시 구워짐,2,report-v2.html | assets/deliverables/mvp-submission-presented.html
assets/video/v2/stepping-stones-v2.mp4,841599,852750613e6b394d8bb26bf068328bc4ba7bc4bceec705115fd2017fb3a24398,lab 에서 다시 구워짐,3,report-v2.html | assets/deliverables/mvp-submission-presented.html | assets/mvp-deck/index.html
assets/video/v2/train-army.mp4,3916500,195a291a6ef6c6c53a20891997e65e5f42fc0033651ba1421c16bc103fd71bd8,lab 에서 다시 구워짐,4,report-v2.html | assets/search-index.json | assets/deliverables/mvp-submission-presented.html
assets/video/v2/train-gap-forward.mp4,129178,a7feb68ca8d6feb77ea765456cc31dc107b1a5a325c9c1c9581983f762aa264f,lab 에서 다시 구워짐,3,report-v2.html | assets/deliverables/mvp-submission-presented.html | assets/mvp-deck/index.html
assets/video/v2/train-gap-omni.mp4,128793,9e60fec65479331f6a0d55aa9e65a5c329071f502b412f6985d8b6555c0f7b6c,lab 에서 다시 구워짐,3,report-v2.html | assets/deliverables/mvp-submission-presented.html | assets/mvp-deck/index.html
assets/video/v2/turnfall-v2a-iter1500.mp4,2817720,800d7382d528b2d7695b49ee8cedbc97fe304f6013fab13b49f4a51cee57bf2e,lab 에서 다시 구워짐,2,report-v2.html | assets/deliverables/mvp-submission-presented.html
assets/video/v2/turnfall-v2b-iter1500.mp4,2612303,9602b1b66e99611c776bbcfd48aaadb79be2cd46c86c5688b7c3921441862dfa,lab 에서 다시 구워짐,2,report-v2.html | assets/deliverables/mvp-submission-presented.html
gallery/v1/clips/boxes-v0.5-A.mp4,3813910,a3dd5b3180d92e0779c6e6c3ebe848b143328c1a10bcb7161814ec8e6907e835,site 유일본,1,gallery/v1/manifest.json
gallery/v1/clips/boxes-v0.5-baseline.mp4,4256223,b635000a24242c005714d6f514d5dcdc3975d34e19e47a4578285f21d3b4c1a7,site 유일본,2,gallery/v1/manifest.json | gallery/v2/manifest.json
gallery/v1/clips/boxes-v0.5.mp4,3503549,4fb0e8bd7364c537ec470cb23e95cb090c941d3d6e9b8a3212506feb438357d8,site 유일본,2,gallery/v1/manifest.json | gallery/v2/manifest.json
gallery/v1/clips/boxes-v1-A.mp4,2265612,d47474f089a096f771ed42336914f793b10485700b45058659d4557e4982fde3,site 유일본,1,gallery/v1/manifest.json
gallery/v1/clips/boxes-v1-baseline.mp4,2484800,560a93f6bbf0160114bf32a31502f6ce9a694c52c5a52ec176753409c85718b6,site 유일본,2,gallery/v1/manifest.json | gallery/v2/manifest.json
gallery/v1/clips/boxes-v1.5-A.mp4,1766867,f2377f365515941082af3ca1efd11446fa42231c6de6260c3c874a1f803dcfef,site 유일본,1,gallery/v1/manifest.json
gallery/v1/clips/boxes-v1.5-baseline.mp4,1835791,addf25ebc1b48ea5049d0ae68606ce776532d92c7b983b9e829435f48b5f5694,site 유일본,3,assets/mvp-deck/index.html | gallery/v1/manifest.json | gallery/v2/manifest.json
gallery/v1/clips/boxes-v1.5.mp4,1630511,b88bbc93072994201e518b1e37933abc67652ab27dd4684360f3829a2ac49865,site 유일본,3,assets/mvp-deck/index.html | gallery/v1/manifest.json | gallery/v2/manifest.json
gallery/v1/clips/boxes-v1.mp4,2177258,3f77fdd969b6f647defe4699bb65185eb61e19e516ae57ed609502b93b52e63a,site 유일본,2,gallery/v1/manifest.json | gallery/v2/manifest.json
gallery/v1/clips/discrete_obstacles-v0.5-A.mp4,3086988,46bfab3af67bde5b91e6d524eefac1b9f6ad1618b20eb466034798dddeec9aae,site 유일본,1,gallery/v1/manifest.json
gallery/v1/clips/discrete_obstacles-v0.5-baseline.mp4,2652714,4c139c7b3c8f66b76f0d5a296ccce59205200cfe3ac3129fc63c4275bb29752a,site 유일본,2,gallery/v1/manifest.json | gallery/v2/manifest.json
gallery/v1/clips/discrete_obstacles-v0.5.mp4,2856296,99b259dc4d4ebcf4b0314d5618b1e94e29e08175df8e582fb72915696a034aae,site 유일본,2,gallery/v1/manifest.json | gallery/v2/manifest.json
gallery/v1/clips/discrete_obstacles-v1-A.mp4,1805621,24086f08ab0be4127de3615f91e1980de6a4df13db2863aa13450bc5d5127559,site 유일본,1,gallery/v1/manifest.json
gallery/v1/clips/discrete_obstacles-v1-baseline.mp4,1952260,cf63e47c5e4f28dce3c120641ac8f96d47e33d3e48d3f89014c3cf452817a60e,site 유일본,2,gallery/v1/manifest.json | gallery/v2/manifest.json
gallery/v1/clips/discrete_obstacles-v1.5-A.mp4,1377188,1fdbbd00bd11d0b42def7f4d345cf75cdd7bf7d6364959980c4e2b5c0bec6665,site 유일본,1,gallery/v1/manifest.json
gallery/v1/clips/discrete_obstacles-v1.5-baseline.mp4,1441410,ff3db3a735dc5707525dc23958f0e7556d4908d5dabf4646ab8a8125a53588c8,site 유일본,3,assets/mvp-deck/index.html | gallery/v1/manifest.json | gallery/v2/manifest.json
gallery/v1/clips/discrete_obstacles-v1.5.mp4,1338586,983b14ba53f7fbef19bc7bdb88f2ec697bfe76e456e953b00751e1863410c699,site 유일본,3,assets/mvp-deck/index.html | gallery/v1/manifest.json | gallery/v2/manifest.json
gallery/v1/clips/discrete_obstacles-v1.mp4,1753059,c44950c81af982a51bcdadc0fdb3515a0e41ad3c9c4d5b54278c2ded5b64d5cf,site 유일본,2,gallery/v1/manifest.json | gallery/v2/manifest.json
gallery/v1/clips/floating_ring-v0.5-A.mp4,2212587,f46ce3b8636204b18f9c91bd1bb3bb9a66da9a5ec174c71aab9c9e67b817b422,site 유일본,1,gallery/v1/manifest.json
gallery/v1/clips/floating_ring-v0.5-baseline.mp4,1516633,aa35a362ce3e40cf59c29e6e3082d04821ff4b1326604f432217b8477142bbab,site 유일본,3,assets/mvp-deck/index.html | gallery/v1/manifest.json | gallery/v2/manifest.json
gallery/v1/clips/floating_ring-v0.5.mp4,2123285,0e71a895649b7fe98c3ae8789ac62636cbbc7a26bf7703ce22b54f529de32d3d,site 유일본,3,assets/mvp-deck/index.html | gallery/v1/manifest.json | gallery/v2/manifest.json
gallery/v1/clips/floating_ring-v1-A.mp4,1301493,d3105084824c7d4f27478f4b2e322c15d7393a7cc0084323663c3cc7aba801cd,site 유일본,1,gallery/v1/manifest.json
gallery/v1/clips/floating_ring-v1-baseline.mp4,871223,7fc0fdb46f7fd352e7e153bdfa2036d6c5bcfa45d15b92a7cdba86c283aaa58a,site 유일본,3,assets/mvp-deck/index.html | gallery/v1/manifest.json | gallery/v2/manifest.json
gallery/v1/clips/floating_ring-v1.5-A.mp4,1017306,7552d5665055477b7da1b6a51b9c79e1b030f548a4e38f62f5ef3a89f412fb12,site 유일본,1,gallery/v1/manifest.json
gallery/v1/clips/floating_ring-v1.5-baseline.mp4,911636,fd63c2f8536c227fa8aede7e1f636f85b0a3165574dd46d0e287c3571306e22b,site 유일본,3,assets/mvp-deck/index.html | gallery/v1/manifest.json | gallery/v2/manifest.json
gallery/v1/clips/floating_ring-v1.5.mp4,989280,94ad3a698daf35499ee753fec8fcdeec4878bc01923b2b5c44cb917b7f9a4327,site 유일본,3,assets/mvp-deck/index.html | gallery/v1/manifest.json | gallery/v2/manifest.json
gallery/v1/clips/floating_ring-v1.mp4,1302701,51f51fb2b6fcf3291cbb7977f303185b1bf1db13e76df08ab43d1eaae90977a8,site 유일본,3,assets/mvp-deck/index.html | gallery/v1/manifest.json | gallery/v2/manifest.json
gallery/v1/clips/gap-v0.5-A.mp4,2496914,fbecbce17f7cc98ffd179f866440f15f55bdb9df53a0d12305ce261a642abebf,site 유일본,1,gallery/v1/manifest.json
gallery/v1/clips/gap-v0.5-baseline.mp4,1838024,10786f45f2d7ebe78b703082bb178fa19204e37439965ef7c7412f1a37dac4b8,site 유일본,3,assets/mvp-deck/index.html | gallery/v1/manifest.json | gallery/v2/manifest.json
gallery/v1/clips/gap-v0.5.mp4,2037453,bf889f880d7edb471476a320c6c70ba31908f276b47d6714f4b4de47b03faea2,site 유일본,3,assets/mvp-deck/index.html | gallery/v1/manifest.json | gallery/v2/manifest.json
gallery/v1/clips/gap-v1-A.mp4,1506882,f4763780db8943d1287b26aa21a3cd285b4fcc55d8ccfefa8749ea9f6340a20f,site 유일본,2,report-v1.html | gallery/v1/manifest.json
gallery/v1/clips/gap-v1-baseline.mp4,1455441,0fb87084680dc7457648b5e4b2ff2bbe796849c9ce46165904e7ea719433f07c,site 유일본,5,report-v1.html | assets/mvp-deck/index.html | assets/mvp-deck/script.html
gallery/v1/clips/gap-v1.5-A.mp4,997714,e55b07f9dd9b1a08e984734258e61d1fe9149d341a06c86907160cb9ef9cdc17,site 유일본,1,gallery/v1/manifest.json
gallery/v1/clips/gap-v1.5-baseline.mp4,1091844,b7f8bf718e92fae7a7e0621096a3b6c9a048362d1d310101e2992ca32500940c,site 유일본,3,assets/mvp-deck/index.html | gallery/v1/manifest.json | gallery/v2/manifest.json
gallery/v1/clips/gap-v1.5.mp4,942799,168023ff37e0002b05cd606d6285ee2ab7c080c1bf26914205c92f11718ad043,site 유일본,3,assets/mvp-deck/index.html | gallery/v1/manifest.json | gallery/v2/manifest.json
gallery/v1/clips/gap-v1.mp4,1212058,7ebd8a77a613483e7b28ed3e1666a2e718d3434ced800c8e5b34a3032d0060c2,site 유일본,6,report-v1.html | report-v2.html | assets/deliverables/mvp-submission-presented.html
gallery/v1/clips/hf_pyramid_slope-v0.5-A.mp4,2237785,a35fa5e9fa0e70a320e0bedec369fe3300490dab05782bdd23836bfda53f11a0,site 유일본,1,gallery/v1/manifest.json
gallery/v1/clips/hf_pyramid_slope-v0.5-baseline.mp4,2454395,89d8f47c1f0f35cc98ae4cc5dc1260eec933745f6f9192f0331f384e903a6470,site 유일본,2,gallery/v1/manifest.json | gallery/v2/manifest.json
gallery/v1/clips/hf_pyramid_slope-v0.5.mp4,2050230,e98a4ffd646c4b5eca6961ee40484ba4ca9e329f026769e9ae32e68f7d86a246,site 유일본,2,gallery/v1/manifest.json | gallery/v2/manifest.json
gallery/v1/clips/hf_pyramid_slope-v1-A.mp4,1306531,54ac1ad2427135e86413d2c3a7eb6efd0f912c839be10614209f273b5c20b31b,site 유일본,1,gallery/v1/manifest.json
gallery/v1/clips/hf_pyramid_slope-v1-baseline.mp4,1364318,d0a7e1ee032ca2444e3a501b54ebddfdf4a00f6e6c438ad0475176307610450e,site 유일본,2,gallery/v1/manifest.json | gallery/v2/manifest.json
gallery/v1/clips/hf_pyramid_slope-v1.5-A.mp4,995645,656bd3e0bdfceb6da7926dbcd24a18f01146bf4e167bdb04854b547e5db9a128,site 유일본,1,gallery/v1/manifest.json
gallery/v1/clips/hf_pyramid_slope-v1.5-baseline.mp4,1072004,d3394b7ab86a16f215c250b5fce771d26f320d0bc509a38c7470f80bd3413200,site 유일본,2,gallery/v1/manifest.json | gallery/v2/manifest.json
gallery/v1/clips/hf_pyramid_slope-v1.5.mp4,920837,55747ae615516ad7dd63c55f6f257a92451da1e76f99023be7db8656e1205529,site 유일본,2,gallery/v1/manifest.json | gallery/v2/manifest.json
gallery/v1/clips/hf_pyramid_slope-v1.mp4,1197455,38f8b15c64f55b649cf6508803a358ce9e0aedf33f5e012284a6fc00698b24e8,site 유일본,2,gallery/v1/manifest.json | gallery/v2/manifest.json
gallery/v1/clips/hf_pyramid_slope_inv-v0.5-A.mp4,2301622,35df9b670c123d9f4bd5dc5fa7bc431327845345738932cafad0ac285ded0f21,site 유일본,1,gallery/v1/manifest.json
gallery/v1/clips/hf_pyramid_slope_inv-v0.5-baseline.mp4,2786633,75d6f8221cf274b1dd7829f893f528d945705507860dd062932676a8c17c07b9,site 유일본,2,gallery/v1/manifest.json | gallery/v2/manifest.json
gallery/v1/clips/hf_pyramid_slope_inv-v0.5.mp4,2852396,417dae74ffdca84358cd5e70d129cd573c6a8ec2be505b309ddf8d8aa2ecfda3,site 유일본,2,gallery/v1/manifest.json | gallery/v2/manifest.json
gallery/v1/clips/hf_pyramid_slope_inv-v1-A.mp4,1378044,843738605d95a65f396c242b88d97a1c619c9a79b09acccb93d4c3b218bd309f,site 유일본,1,gallery/v1/manifest.json
gallery/v1/clips/hf_pyramid_slope_inv-v1-baseline.mp4,1821111,a1b80a6876294fc2c6b85d84a89721bd7fc955309606689c79898b565191a79f,site 유일본,2,gallery/v1/manifest.json | gallery/v2/manifest.json
gallery/v1/clips/hf_pyramid_slope_inv-v1.5-A.mp4,1062772,862c042176398c06f930879a31b08b4b7b0f087595e09aaab08bdcf371884071,site 유일본,1,gallery/v1/manifest.json
gallery/v1/clips/hf_pyramid_slope_inv-v1.5-baseline.mp4,1446641,211a227a461dc44817c265d5f408e07b959e6b5ab55bc9f0d3bbd4b43f4eb803,site 유일본,2,gallery/v1/manifest.json | gallery/v2/manifest.json
gallery/v1/clips/hf_pyramid_slope_inv-v1.5.mp4,1349202,bef2da5d0b95ef434d639cc89a3277d0a80de0a64590fd313f993d85db3f2f7f,site 유일본,2,gallery/v1/manifest.json | gallery/v2/manifest.json
gallery/v1/clips/hf_pyramid_slope_inv-v1.mp4,1744371,f504042ded329b00fdee1f7cab7c094ca0fdf8bcb8c6376e9e2df770a7ea8c1a,site 유일본,2,gallery/v1/manifest.json | gallery/v2/manifest.json
gallery/v1/clips/pit-v0.5-A.mp4,2041611,8164f3a2d3b02e9f18da08e8b778d918849feaa9bd4107135f0b0415f39a6d95,site 유일본,1,gallery/v1/manifest.json
gallery/v1/clips/pit-v0.5-baseline.mp4,1433629,70811c2f961fca7315dc1b12ea0570488c8ba456fbcebd977831a1cf9adee3af,site 유일본,3,assets/mvp-deck/index.html | gallery/v1/manifest.json | gallery/v2/manifest.json
gallery/v1/clips/pit-v0.5.mp4,2108860,6d4687bfb5e1aebb2292620182983f7f2604827bf2a57efcc89d1d808afbb796,site 유일본,3,assets/mvp-deck/index.html | gallery/v1/manifest.json | gallery/v2/manifest.json
gallery/v1/clips/pit-v1-A.mp4,1215130,4afc2e0431c12a68df4fb4e995dda82a276a6717db1a2ec6d6d5945904b7de26,site 유일본,1,gallery/v1/manifest.json
gallery/v1/clips/pit-v1-baseline.mp4,966937,807f09004bb4b5e247d088be14509e570de221de261cbbc13cf9f13631af0b9c,site 유일본,3,assets/mvp-deck/index.html | gallery/v1/manifest.json | gallery/v2/manifest.json
gallery/v1/clips/pit-v1.5-A.mp4,959068,a5b2bc9436d6998ebd3a993be9a2128db6c5987415c3f95452e3e47f973a3db0,site 유일본,1,gallery/v1/manifest.json
gallery/v1/clips/pit-v1.5-baseline.mp4,715597,3ebb0b2fda17e6126c61cfc37b9ba3567fd6bf189680bd8cf34ac282f6efb62f,site 유일본,3,assets/mvp-deck/index.html | gallery/v1/manifest.json | gallery/v2/manifest.json
gallery/v1/clips/pit-v1.5.mp4,928277,15946651030fdd1ee42dde3687ed2f2046ff59953b3694ea7af5c3d80f357f4e,site 유일본,3,assets/mvp-deck/index.html | gallery/v1/manifest.json | gallery/v2/manifest.json
gallery/v1/clips/pit-v1.mp4,1185700,61d6c2d69027bb6ea37b04380479f86a53d75d70d01b29437bc2723e3c137bff,site 유일본,3,assets/mvp-deck/index.html | gallery/v1/manifest.json | gallery/v2/manifest.json
gallery/v1/clips/pyramid_stairs-v0.5-A.mp4,2768594,4b70e94534543e2f1dff06dee4be6808289037092b94277b89c8fb22a0e4dbf1,site 유일본,1,gallery/v1/manifest.json
gallery/v1/clips/pyramid_stairs-v0.5-baseline.mp4,2832138,ab110503c9c535b8b6822be00d58ecd0a29cb588b47b58bcee0c46b73abed2fa,site 유일본,2,gallery/v1/manifest.json | gallery/v2/manifest.json
gallery/v1/clips/pyramid_stairs-v0.5.mp4,2534209,ffde43c56de763cb2d0277bf5731206b4902992f3dcc447c8ef51453a98588da,site 유일본,2,gallery/v1/manifest.json | gallery/v2/manifest.json
gallery/v1/clips/pyramid_stairs-v1-A.mp4,1639500,8010d2b40e69eb5d537ee736fe8806b65b7930b844b7866acb421fbb7bb45681,site 유일본,1,gallery/v1/manifest.json
gallery/v1/clips/pyramid_stairs-v1-baseline.mp4,1761075,ddfe0b7e76a487547c2283a208bd1cfd5d64716968e349f7554708570da127d8,site 유일본,2,gallery/v1/manifest.json | gallery/v2/manifest.json
gallery/v1/clips/pyramid_stairs-v1.5-A.mp4,1276652,e1c8d317b2c4adde4022535d9ed0744390b20d2a0e7dc0ed0020bafe929bbd8f,site 유일본,1,gallery/v1/manifest.json
gallery/v1/clips/pyramid_stairs-v1.5-baseline.mp4,1314956,777a845ab641b3cc3ea907348265a1249871c5e82793011824f88fbb1c8665e6,site 유일본,2,gallery/v1/manifest.json | gallery/v2/manifest.json
gallery/v1/clips/pyramid_stairs-v1.5.mp4,1157472,e9ccc31c52e5d5a53bd8a6d6dd01bf4f51cdb0ec78c359168162b63f24c96b44,site 유일본,2,gallery/v1/manifest.json | gallery/v2/manifest.json
gallery/v1/clips/pyramid_stairs-v1.mp4,1506492,52f41fd5f62408230dc0c954ec454b912f5fa8791809e1de5b1ea36ed690db66,site 유일본,2,gallery/v1/manifest.json | gallery/v2/manifest.json
gallery/v1/clips/pyramid_stairs_inv-v0.5-A.mp4,2677698,0787dd83d6170b9c70932f96e887de993527740afbb2e9683acdb51cd60bb305,site 유일본,1,gallery/v1/manifest.json
gallery/v1/clips/pyramid_stairs_inv-v0.5-baseline.mp4,2541234,06fe8873c845e18b9619c25763ffa7950f1c8e02d3e1622f5ec51fe41f8e2ab3,site 유일본,2,gallery/v1/manifest.json | gallery/v2/manifest.json
gallery/v1/clips/pyramid_stairs_inv-v0.5.mp4,3310932,82116035af2db87d59b59015c17a27fe09fa618fcdfc077f172128f2ec24bd2b,site 유일본,2,gallery/v1/manifest.json | gallery/v2/manifest.json
gallery/v1/clips/pyramid_stairs_inv-v1-A.mp4,1607858,7abf77f184107ed667160ba0d1c53a7d873998a60d288e4f38b02df111c7587a,site 유일본,1,gallery/v1/manifest.json
gallery/v1/clips/pyramid_stairs_inv-v1-baseline.mp4,2238723,ff3ce83a3537c3e49cd4aaba42e8dc3598d33f11ee060498f520852c211aee3e,site 유일본,2,gallery/v1/manifest.json | gallery/v2/manifest.json
gallery/v1/clips/pyramid_stairs_inv-v1.5-A.mp4,1169694,ccd4d8d7c6b02db92c6a9ed65d903696f06a0742d7fdbd595a4dadc0ac190b28,site 유일본,1,gallery/v1/manifest.json
gallery/v1/clips/pyramid_stairs_inv-v1.5-baseline.mp4,1620241,6634cc610367d845354ba88719037d6b6e1ed3f73b639892bda0afb4503a0645,site 유일본,2,gallery/v1/manifest.json | gallery/v2/manifest.json
gallery/v1/clips/pyramid_stairs_inv-v1.5.mp4,1647764,630576c53128efa2504bcce4c41d010d222d6b87338b9049f7ad810e0642875c,site 유일본,2,gallery/v1/manifest.json | gallery/v2/manifest.json
gallery/v1/clips/pyramid_stairs_inv-v1.mp4,2103176,5f51526791d6d76a71c753b1e1daf1e9b19029fe72ff15fc2abe94c454339572,site 유일본,2,gallery/v1/manifest.json | gallery/v2/manifest.json
gallery/v1/clips/rails-v0.5-A.mp4,2497996,d4b2234fff2926f013943053a4507bc7baabf6637d7b20a32871ae9180db9168,site 유일본,1,gallery/v1/manifest.json
gallery/v1/clips/rails-v0.5-baseline.mp4,1375086,b6d761ddf9ec0d145eb976b3b83e099fcd7f1e8e76b5dd606bf9577dabe70b1f,site 유일본,3,assets/mvp-deck/index.html | gallery/v1/manifest.json | gallery/v2/manifest.json
gallery/v1/clips/rails-v0.5.mp4,2443961,bc140babdcc94ea1dd2c2db30e51bed8271b8384b99ace4b66f09f9704e48604,site 유일본,3,assets/mvp-deck/index.html | gallery/v1/manifest.json | gallery/v2/manifest.json
gallery/v1/clips/rails-v1-A.mp4,1505143,fffc04bc4c98b3a8510877a9fec9a7f2e0baf52db142daf22c6ca778fe287b1d,site 유일본,1,gallery/v1/manifest.json
gallery/v1/clips/rails-v1-baseline.mp4,1471667,43455fc0d8a0607d42633dca990648c35640eafe631f65e6d3eaec7e30120ad6,site 유일본,3,assets/mvp-deck/index.html | gallery/v1/manifest.json | gallery/v2/manifest.json
gallery/v1/clips/rails-v1.5-A.mp4,1115025,3dcce9617cce4fcde4c8af6ccd5c640f4a0698e7ed6a0c00e217f4f75ae49d1c,site 유일본,1,gallery/v1/manifest.json
gallery/v1/clips/rails-v1.5-baseline.mp4,900554,53b491322773a0953d0adf73e676168eb5be9d57d863a5992cff5d89c350f6bc,site 유일본,3,assets/mvp-deck/index.html | gallery/v1/manifest.json | gallery/v2/manifest.json
gallery/v1/clips/rails-v1.5.mp4,1083429,3f3244b891ba55dfaf0d0665ff39cff45672050ae55dc048c836c8d12cd77ec3,site 유일본,3,assets/mvp-deck/index.html | gallery/v1/manifest.json | gallery/v2/manifest.json
gallery/v1/clips/rails-v1.mp4,1523589,284e7bc3287d1000e66864be038854b7792bda44f7d5ffc7a9cee116ac2e1e93,site 유일본,4,report-v1.html | assets/mvp-deck/index.html | gallery/v1/manifest.json
gallery/v1/clips/random_rough-v0.5-A.mp4,3262087,6c38ab25024ca6b232a069d79e4929b36cb2ad18f93642adf0a02b6671c477cc,site 유일본,1,gallery/v1/manifest.json
gallery/v1/clips/random_rough-v0.5-baseline.mp4,3509684,ba35ed49db3335e11c43d77144773f9b15e2347ac0669a0c539241b0401a3724,site 유일본,2,gallery/v1/manifest.json | gallery/v2/manifest.json
gallery/v1/clips/random_rough-v0.5.mp4,3391017,c0a9de239bdde2fdcf18502964a3130a12b8fff0a7aef7a2c4fe31bf85238055,site 유일본,2,gallery/v1/manifest.json | gallery/v2/manifest.json
gallery/v1/clips/random_rough-v1-A.mp4,1951725,ed654e20c933388514b9f544ab4e663c80d09dfd6bc249069e71b226e3d43c3f,site 유일본,1,gallery/v1/manifest.json
gallery/v1/clips/random_rough-v1-baseline.mp4,2034152,7152c2c9679ee9c7d9721bc71020bcdd7a21cc8f23c707265999801345f1d52f,site 유일본,2,gallery/v1/manifest.json | gallery/v2/manifest.json
gallery/v1/clips/random_rough-v1.5-A.mp4,1443917,1f3ad902e9c3df7ba0a7a0a41e6efcf664958affe4136e897183971c704b4f29,site 유일본,1,gallery/v1/manifest.json
gallery/v1/clips/random_rough-v1.5-baseline.mp4,1514248,df6cb899546609f03518746e70216acbb01223db36bdbc4fd965aee1e9614f05,site 유일본,2,gallery/v1/manifest.json | gallery/v2/manifest.json
gallery/v1/clips/random_rough-v1.5.mp4,1364840,b94d4fc3b60ce3d10d936e000072226f88839aa5a1662930148a946942f98236,site 유일본,2,gallery/v1/manifest.json | gallery/v2/manifest.json
gallery/v1/clips/random_rough-v1.mp4,1825925,9f5fbdcd885ae9a76e56a5efd620b9f7a8c57db67a4fd8fd541375a884bb5e85,site 유일본,2,gallery/v1/manifest.json | gallery/v2/manifest.json
gallery/v1/clips/repeated_boxes-v0.5-A.mp4,2230831,61bbd4786ac4f9fbb9c91933c3665c777486b29e68d64fffb962c500dd52b968,site 유일본,1,gallery/v1/manifest.json
gallery/v1/clips/repeated_boxes-v0.5-baseline.mp4,2497693,99760f56075403c22513b70441d29d969dff3ab0e3eb8d9ce57fe6abcad551b7,site 유일본,2,gallery/v1/manifest.json | gallery/v2/manifest.json
gallery/v1/clips/repeated_boxes-v0.5.mp4,2049543,ac91748d64927bbc2aceefc2a8a05cd578dce8a20fd8984ef2952553cf707d23,site 유일본,2,gallery/v1/manifest.json | gallery/v2/manifest.json
gallery/v1/clips/repeated_boxes-v1-A.mp4,1322646,078b51ded602679c3a203ae3a5685b05dd264ff4c3fbe82871023a49c7573d33,site 유일본,1,gallery/v1/manifest.json
gallery/v1/clips/repeated_boxes-v1-baseline.mp4,1390271,952db183b05815cb98b7c993ac23326a962d4156dce28a5c1ab0f75f3bd4adf9,site 유일본,2,gallery/v1/manifest.json | gallery/v2/manifest.json
gallery/v1/clips/repeated_boxes-v1.5-A.mp4,912106,8faf81d0d9c5a28965403463f1510b7e16aad534be5645d6eecc1be5d66210e5,site 유일본,1,gallery/v1/manifest.json
gallery/v1/clips/repeated_boxes-v1.5-baseline.mp4,991705,f8ca0347664793797e29b6e76a42b6dbb1045fddec186a4e3de071642ed94bbb,site 유일본,3,assets/mvp-deck/index.html | gallery/v1/manifest.json | gallery/v2/manifest.json
gallery/v1/clips/repeated_boxes-v1.5.mp4,909293,de6a2fafe060d738b6e1e1d963a15ba5a1746cc3a2d45f7eaef0287ec92d13f2,site 유일본,3,assets/mvp-deck/index.html | gallery/v1/manifest.json | gallery/v2/manifest.json
gallery/v1/clips/repeated_boxes-v1.mp4,1197582,4cd223a2703af21db6201f927a78989b3dd197d49af1daaa2a82a4ed571dd7fd,site 유일본,2,gallery/v1/manifest.json | gallery/v2/manifest.json
gallery/v1/clips/repeated_cylinders-v0.5-A.mp4,2247889,13386ef00ea9a03d65b9a3f740b225da7c299eb6adf484bb7aefcfe1d3a473a1,site 유일본,1,gallery/v1/manifest.json
gallery/v1/clips/repeated_cylinders-v0.5-baseline.mp4,2385995,e6e2cebea9afe006abb72f6dfc1983abb0c1e6762643084c463289a2d0e9b428,site 유일본,2,gallery/v1/manifest.json | gallery/v2/manifest.json
gallery/v1/clips/repeated_cylinders-v0.5.mp4,2053614,d5d0865c7aa9930259354682b44ae9df1a91ca227addbbe086dd5655b4fd4630,site 유일본,2,gallery/v1/manifest.json | gallery/v2/manifest.json
gallery/v1/clips/repeated_cylinders-v1-A.mp4,1295701,186a4e5ca6f5d6cbeecd173c57b526533543d37eb64951c4515ea9ab4efb2728,site 유일본,1,gallery/v1/manifest.json
gallery/v1/clips/repeated_cylinders-v1-baseline.mp4,1371304,460b2e63b94d326eebbb353ea7fdb4fef9e5b5aa80310c2f5a8ee9414414432f,site 유일본,2,gallery/v1/manifest.json | gallery/v2/manifest.json
gallery/v1/clips/repeated_cylinders-v1.5-A.mp4,903949,f692bcb39fd4d3057c29ce4d9aa5eb3483bf2615930bee676363d031e6eed909,site 유일본,1,gallery/v1/manifest.json
gallery/v1/clips/repeated_cylinders-v1.5-baseline.mp4,966975,c16bac7b8001e8b1a804e5792a7a5eb669e46a4409fbf6273bd337e5184acc1c,site 유일본,3,assets/mvp-deck/index.html | gallery/v1/manifest.json | gallery/v2/manifest.json
gallery/v1/clips/repeated_cylinders-v1.5.mp4,892271,cbce0179a37396432c6b24f43be3e84356e239c4d6a540b0e9e52a81f13dd63a,site 유일본,3,assets/mvp-deck/index.html | gallery/v1/manifest.json | gallery/v2/manifest.json
gallery/v1/clips/repeated_cylinders-v1.mp4,1187742,cb0d6cdb6281620e6721396083508c442b41ae0d1b06092509212d60ca001adc,site 유일본,2,gallery/v1/manifest.json | gallery/v2/manifest.json
gallery/v1/clips/star-v0.5-A.mp4,3196846,33049a7ed257b0723a5dacf8621b60e924f596e3b5008ae26469e88d03170bd7,site 유일본,1,gallery/v1/manifest.json
gallery/v1/clips/star-v0.5-baseline.mp4,3541818,cf9b1136860f8d40900f3b08a8fcc96c0826da4c709dbe215c40de79133246f5,site 유일본,2,gallery/v1/manifest.json | gallery/v2/manifest.json
gallery/v1/clips/star-v0.5.mp4,2850821,a43fd537373904188cd3a3a63b222d21c3fe235a9a0341bbb9c1abb6e4c465af,site 유일본,2,gallery/v1/manifest.json | gallery/v2/manifest.json
gallery/v1/clips/star-v1-A.mp4,1810672,c25870f35ac179789291a98d907a1417cf1b6042c8d49e32ee1a753d5c5e2c0d,site 유일본,1,gallery/v1/manifest.json
gallery/v1/clips/star-v1-baseline.mp4,1903857,cb4687e51e3213e7058fe44f0a769aa3457ee2dc050a0cb66c27e1e25fb3d649,site 유일본,2,gallery/v1/manifest.json | gallery/v2/manifest.json
gallery/v1/clips/star-v1.5-A.mp4,1303937,c265a9626f5397076d2bc919d96fdaf5e8ded1dcd6616621ff7f80ec6e482574,site 유일본,1,gallery/v1/manifest.json
gallery/v1/clips/star-v1.5-baseline.mp4,1396640,cabfe5e65a9e8bdb8a891dc738e345b99d948ea08a92d5f0a2c7f06044c23b1a,site 유일본,3,assets/mvp-deck/index.html | gallery/v1/manifest.json | gallery/v2/manifest.json
gallery/v1/clips/star-v1.5.mp4,1287670,e89dad4090ec88513c150576c64a27326d527f8f96e8c8e074869789ab428faf,site 유일본,3,assets/mvp-deck/index.html | gallery/v1/manifest.json | gallery/v2/manifest.json
gallery/v1/clips/star-v1.mp4,1680833,2f3b0c668e805873187183dd170a1ed0eeb4728b6b44b9858914a5644d5593d7,site 유일본,3,report-v1.html | gallery/v1/manifest.json | gallery/v2/manifest.json
gallery/v1/clips/stepping_stones-v0.5-A.mp4,2444923,117f3b4cb59502802b74414df22d17c74d572eb20cc4db8c9d359dce977e190a,site 유일본,1,gallery/v1/manifest.json
gallery/v1/clips/stepping_stones-v0.5-baseline.mp4,4734916,c6cc49c69fe0e5a72cb814f4949b78e5d98a8f4f66a206214c770901601af407,site 유일본,2,gallery/v1/manifest.json | gallery/v2/manifest.json
gallery/v1/clips/stepping_stones-v0.5.mp4,2099024,6df88462528ac54bc7419381e729852df08c4cc34c35a41cb60a0f985a41f0ce,site 유일본,2,gallery/v1/manifest.json | gallery/v2/manifest.json
gallery/v1/clips/stepping_stones-v1-A.mp4,1414587,9f7ce87918dd0cdf510fc70de33bb2efca2af5b93306dd79fff6fe623cdbaa15,site 유일본,2,report-v1.html | gallery/v1/manifest.json
gallery/v1/clips/stepping_stones-v1-baseline.mp4,2181897,765d66ed60fd1b98f0012f69b0d2f5ebb9cadce67742c020f52c65ecdc1cf0b1,site 유일본,4,report-v1.html | assets/mvp-deck/index.html | gallery/v1/manifest.json
gallery/v1/clips/stepping_stones-v1.5-A.mp4,1101709,6b971eb469e8838395e8ed5148b976c3712889675e58fe9819c63f4cf77d92c2,site 유일본,1,gallery/v1/manifest.json
gallery/v1/clips/stepping_stones-v1.5-baseline.mp4,1082011,9f34f7905314930720cf7e8a902c7d54cf6eb5be383b3f71bb414339a0ccb731,site 유일본,2,gallery/v1/manifest.json | gallery/v2/manifest.json
gallery/v1/clips/stepping_stones-v1.5.mp4,1109778,2d4872a08c1a17787b21f0696b47254e2aea9c8dc2cfc9609e0ed60b406ed9ac,site 유일본,2,gallery/v1/manifest.json | gallery/v2/manifest.json
gallery/v1/clips/stepping_stones-v1.mp4,1728928,0ef27c1ac3d0801b0ac1ef6c41a10293bb32563172f9daf6778cec665cffd738,site 유일본,4,report-v1.html | assets/mvp-deck/index.html | gallery/v1/manifest.json
gallery/v1/clips/wave-v0.5-A.mp4,2235586,4d59baf9f2911650ba11b28d0157e43b349a670881897fc9cb7f86cb14d008e0,site 유일본,1,gallery/v1/manifest.json
gallery/v1/clips/wave-v0.5-baseline.mp4,2340360,96af53c5c6a690d64ac70aef35b8abf0914a7e98300b7013d89f5f5a2ca560e0,site 유일본,2,gallery/v1/manifest.json | gallery/v2/manifest.json
gallery/v1/clips/wave-v0.5.mp4,2056441,2d35abeca4dacaa8f2253b8b1f53c77fb89ecf1a42d2718a5028da2c8b3d8028,site 유일본,2,gallery/v1/manifest.json | gallery/v2/manifest.json
gallery/v1/clips/wave-v1-A.mp4,1328033,23d01e21af537919d9f460f52b259bce2a14b17e4aa3b3a4e91e78620a81ce07,site 유일본,1,gallery/v1/manifest.json
gallery/v1/clips/wave-v1-baseline.mp4,1436435,8401a7d63e0b81b391d64a1939f81b2005703697f58dfcf718483a8c6e4aa6d4,site 유일본,2,gallery/v1/manifest.json | gallery/v2/manifest.json
gallery/v1/clips/wave-v1.5-A.mp4,928818,68da0ea107f0c89dfdb327097311e5dd5d9a94f51c74a215834da62d325ff6e0,site 유일본,2,report-v1.html | gallery/v1/manifest.json
gallery/v1/clips/wave-v1.5-baseline.mp4,1018709,e8c06c72b69c80281700be0e2472102c0d72d43cdeab7035937e9f3b454aaf23,site 유일본,4,report-v1.html | assets/mvp-deck/index.html | gallery/v1/manifest.json
gallery/v1/clips/wave-v1.5.mp4,936680,2ad2a39f809bfc329ab0229f2359371bd23b4ff92834f9f90544f6f79ae271cd,site 유일본,4,report-v1.html | assets/mvp-deck/index.html | gallery/v1/manifest.json
gallery/v1/clips/wave-v1.mp4,1201528,e72fdcd124e1c5fe78c00c733b8520e41cec0f03d1d2be278ea07be320db5ec9,site 유일본,2,gallery/v1/manifest.json | gallery/v2/manifest.json
gallery/v2/clips/boxes-v0.5.mp4,3536652,992e82c3838b1ad9d8b8e904f032aecbdd8d77313e71b84677beb4efbc35b203,site 유일본,2,gallery/v1/manifest.json | gallery/v2/manifest.json
gallery/v2/clips/boxes-v1.5.mp4,1660488,275f2428d9f4413c07bf2b3af6a6a1ad86a85f48cbbc71327db07ac0eab6d9c2,site 유일본,3,assets/mvp-deck/index.html | gallery/v1/manifest.json | gallery/v2/manifest.json
gallery/v2/clips/boxes-v1.mp4,2194029,6a987a3766b056cc70630b66b1166231a7b6210c030440725df005eb18a3571b,site 유일본,2,gallery/v1/manifest.json | gallery/v2/manifest.json
gallery/v2/clips/discrete_obstacles-v0.5.mp4,3053166,a63f545cc0939d1eab5061a28262a65ef0ca038846a3cdf76e8dcd20d28dbe1f,site 유일본,2,gallery/v1/manifest.json | gallery/v2/manifest.json
gallery/v2/clips/discrete_obstacles-v1.5.mp4,1394891,0d5e65a4d4fa5a68b08dccd79822175d9beb2fdc716017f204cacc3e7a4469bc,site 유일본,3,assets/mvp-deck/index.html | gallery/v1/manifest.json | gallery/v2/manifest.json
gallery/v2/clips/discrete_obstacles-v1.mp4,1800778,c151c07b707fb9ca02dd237a5f5c41db4aa5fa05fce476278c0ed55eb4b986fc,site 유일본,2,gallery/v1/manifest.json | gallery/v2/manifest.json
gallery/v2/clips/floating_ring-v0.5.mp4,2281670,392544c5aaa0e287f6d79c1b580d8f5378ef843b4f0321e3fc7ea27d19f8c38a,site 유일본,3,assets/mvp-deck/index.html | gallery/v1/manifest.json | gallery/v2/manifest.json
gallery/v2/clips/floating_ring-v1.5.mp4,1053019,6d3f7826e338b632ad826165cc38bfe508f35dfab70312fa66a34120914d1da4,site 유일본,3,assets/mvp-deck/index.html | gallery/v1/manifest.json | gallery/v2/manifest.json
gallery/v2/clips/floating_ring-v1.mp4,1330974,0af4cd9b07808695849c9d4b8f9edfc46b6fd716ed1b94fa1dcfeff1c5a5b6f9,site 유일본,3,assets/mvp-deck/index.html | gallery/v1/manifest.json | gallery/v2/manifest.json
gallery/v2/clips/gap-v0.5.mp4,2198953,a46e9a1b96827726ddf105929e8d27eb697aafe31d63d8f84c7c8e791a6fc2c4,site 유일본,3,assets/mvp-deck/index.html | gallery/v1/manifest.json | gallery/v2/manifest.json
gallery/v2/clips/gap-v1.5.mp4,987038,3474aa37137445cf4712cb2992dd0d7d8be652c739eae3e4b8b00b4f8d3bb494,site 유일본,3,assets/mvp-deck/index.html | gallery/v1/manifest.json | gallery/v2/manifest.json
gallery/v2/clips/gap-v1.mp4,1280204,4e60c0824a95065c114d1a622d6e55d984a781b84cb96c6c8762ffaba916b8d2,site 유일본,6,report-v1.html | report-v2.html | assets/deliverables/mvp-submission-presented.html
gallery/v2/clips/hf_pyramid_slope-v0.5.mp4,2223768,39630851c61de00dfa41c5a7b5839f787d770d7a0fe519f97b3fdf513024bc6c,site 유일본,2,gallery/v1/manifest.json | gallery/v2/manifest.json
gallery/v2/clips/hf_pyramid_slope-v1.5.mp4,983141,cbfb2d35b0cc93c556479f0f3a88dbfc13bba1a6b330f76704bd90bbe1ee987a,site 유일본,2,gallery/v1/manifest.json | gallery/v2/manifest.json
gallery/v2/clips/hf_pyramid_slope-v1.mp4,1298709,b535bf9fe1c6ec8603c4998e9a0c71aad0484f70ec579335750331e279057ed7,site 유일본,2,gallery/v1/manifest.json | gallery/v2/manifest.json
gallery/v2/clips/hf_pyramid_slope_inv-v0.5.mp4,2846641,2b9d6dd0df16d2314c0c912843c1ddbd4a6b03391d8ceda75ee9c55001574841,site 유일본,2,gallery/v1/manifest.json | gallery/v2/manifest.json
gallery/v2/clips/hf_pyramid_slope_inv-v1.5.mp4,1339366,dcffe94ccb74130a80db3eb832f511f526807d45a09043edc7de502132e260bc,site 유일본,2,gallery/v1/manifest.json | gallery/v2/manifest.json
gallery/v2/clips/hf_pyramid_slope_inv-v1.mp4,1729118,993d19f6f3cf18d8a790d93c57a186240a45055fa2277b88cfc429b2a60cc24f,site 유일본,2,gallery/v1/manifest.json | gallery/v2/manifest.json
gallery/v2/clips/pit-v0.5.mp4,2238397,8938058112f3198a6ee6f6e2ae705f7abe26dc723744473ad9ad9f1386bf5af9,site 유일본,3,assets/mvp-deck/index.html | gallery/v1/manifest.json | gallery/v2/manifest.json
gallery/v2/clips/pit-v1.5.mp4,988389,0069d4f41f2384067b37235e006d86761b4ee77a88e15a344747b8f3b78f8291,site 유일본,3,assets/mvp-deck/index.html | gallery/v1/manifest.json | gallery/v2/manifest.json
gallery/v2/clips/pit-v1.mp4,1277851,c583d8f0d6af6cbe4589341f8348ca5b9e4dd7a7dab41ad40364f6f22f4be72c,site 유일본,3,assets/mvp-deck/index.html | gallery/v1/manifest.json | gallery/v2/manifest.json
gallery/v2/clips/pyramid_stairs-v0.5.mp4,2735133,7a94b9aa4b27b473a27cdcbe43f09a88f143fceb66038983a831555539e289a1,site 유일본,2,gallery/v1/manifest.json | gallery/v2/manifest.json
gallery/v2/clips/pyramid_stairs-v1.5.mp4,1222367,ebcadb8bdd915d84f684e320121f9589e1daefffa44abba69f52887a5d6e7421,site 유일본,2,gallery/v1/manifest.json | gallery/v2/manifest.json
gallery/v2/clips/pyramid_stairs-v1.mp4,1619594,f95e4009453b6d1f9eebbc9043f46bf6cdb9c58e232c75509367bb66ccdde0bf,site 유일본,2,gallery/v1/manifest.json | gallery/v2/manifest.json
gallery/v2/clips/pyramid_stairs_inv-v0.5.mp4,3274510,6c0dd66f86f6a51004e4516ab6e2dcdd90ba26838f7918e7ae44ee10a8f11084,site 유일본,2,gallery/v1/manifest.json | gallery/v2/manifest.json
gallery/v2/clips/pyramid_stairs_inv-v1.5.mp4,1698290,e5d41880ad21a25e79a0f21e1aa7885efaac25469c6b2636f905a30feb44ea7a,site 유일본,2,gallery/v1/manifest.json | gallery/v2/manifest.json
gallery/v2/clips/pyramid_stairs_inv-v1.mp4,2083661,8a225f3cec00c16d8b6bacf97d23e2f4159bdca83722816166a04ff3e22dfe83,site 유일본,2,gallery/v1/manifest.json | gallery/v2/manifest.json
gallery/v2/clips/rails-v0.5.mp4,2267081,fbd32a8e8babdb43cb679f211f7f6ab4097204af0447b43d6925c139666d1055,site 유일본,3,assets/mvp-deck/index.html | gallery/v1/manifest.json | gallery/v2/manifest.json
gallery/v2/clips/rails-v1.5.mp4,1097344,9c2e1e35971762bf2c911560b8970be6df2901e9fdd9ec48ef6c1f770d315a26,site 유일본,3,assets/mvp-deck/index.html | gallery/v1/manifest.json | gallery/v2/manifest.json
gallery/v2/clips/rails-v1.mp4,1341434,bc57b2985254d046ec29167c418896c6c3d099479cddd25769a77e72a73ca8ec,site 유일본,4,report-v1.html | assets/mvp-deck/index.html | gallery/v1/manifest.json
gallery/v2/clips/random_rough-v0.5.mp4,3298470,6822acdda165cccb08b71861f8215ad50bad82b4cf748e09399f3883b728fbaa,site 유일본,2,gallery/v1/manifest.json | gallery/v2/manifest.json
gallery/v2/clips/random_rough-v1.5.mp4,1402321,2ec8ba39edd3005c7683598f048a9ab584434ee226bb2491462c97180eba9d67,site 유일본,2,gallery/v1/manifest.json | gallery/v2/manifest.json
gallery/v2/clips/random_rough-v1.mp4,1883673,d57fc73c6f28c32d3721b271fd7ece5905c1fbca55b8a06e25cd3a75e463b813,site 유일본,2,gallery/v1/manifest.json | gallery/v2/manifest.json
gallery/v2/clips/repeated_boxes-v0.5.mp4,2245041,002fd03029e16bb570c89b63e20b2778cc150d79b156743b2dc96b7877cc2fe4,site 유일본,2,gallery/v1/manifest.json | gallery/v2/manifest.json
gallery/v2/clips/repeated_boxes-v1.5.mp4,972198,a703fa51331b8dd22350930fa8b588017824d32112743c8331c57e1e05dfd37d,site 유일본,3,assets/mvp-deck/index.html | gallery/v1/manifest.json | gallery/v2/manifest.json
gallery/v2/clips/repeated_boxes-v1.mp4,1289909,4a924b48a3403b7884c787f280decfd1bbbc0cc0daf627fa6f1516fd100ccdeb,site 유일본,2,gallery/v1/manifest.json | gallery/v2/manifest.json
gallery/v2/clips/repeated_cylinders-v0.5.mp4,2237487,8f4c95b0311bb0d8eb0056210d0542e7b8d00e9a5858bd2b3181f4f7a16672ed,site 유일본,2,gallery/v1/manifest.json | gallery/v2/manifest.json
gallery/v2/clips/repeated_cylinders-v1.5.mp4,952330,d6ef326ad699d558295a2cfe9b26c965a214fbef8305314e90f1a861295aa7f1,site 유일본,3,assets/mvp-deck/index.html | gallery/v1/manifest.json | gallery/v2/manifest.json
gallery/v2/clips/repeated_cylinders-v1.mp4,1266979,5d81bebb93c7e12bc45d719e9393bfd010becbe59b703fda81e677db743ad48e,site 유일본,2,gallery/v1/manifest.json | gallery/v2/manifest.json
gallery/v2/clips/star-v0.5.mp4,3116052,032b405d99ce654e967c73a6074ae3b3207a1ae2f43b5a9c6614a71f0767305a,site 유일본,2,gallery/v1/manifest.json | gallery/v2/manifest.json
gallery/v2/clips/star-v1.5.mp4,1357444,452c790198b339373ad0dbbfa2a9d14c07071bce61bb57b1ee0def05d1a52eea,site 유일본,3,assets/mvp-deck/index.html | gallery/v1/manifest.json | gallery/v2/manifest.json
gallery/v2/clips/star-v1.mp4,1787856,e591d37efb4c53f64b5913891ce63ad9f31a59662ef5015c1484426f0f4ee950,site 유일본,3,report-v1.html | gallery/v1/manifest.json | gallery/v2/manifest.json
gallery/v2/clips/stepping_stones-v0.5.mp4,2607637,589b3daba09b9ddda6e7de45d0b4857fe0102024f3a627919ef32625fd0299f7,site 유일본,2,gallery/v1/manifest.json | gallery/v2/manifest.json
gallery/v2/clips/stepping_stones-v1.5.mp4,1832573,242d4ad676bab7288144948d9b3bdee592c8064393a732189ffd8fcac1a7a3b2,site 유일본,2,gallery/v1/manifest.json | gallery/v2/manifest.json
gallery/v2/clips/stepping_stones-v1.mp4,2624006,4819050914e5921c5f18954fc6b87688edcc5c03a91751123e9d012f6908a999,site 유일본,4,report-v1.html | assets/mvp-deck/index.html | gallery/v1/manifest.json
gallery/v2/clips/wave-v0.5.mp4,2277185,5d0dc327b2c00d59e4ad57f59b9f388afeef014a1dc7976b5918b1b14c9de0dc,site 유일본,2,gallery/v1/manifest.json | gallery/v2/manifest.json
gallery/v2/clips/wave-v1.5.mp4,1006362,b70a4909bffaed90b31faf316f67a52e78595b0a68f2fcddc8a380765ccf525c,site 유일본,4,report-v1.html | assets/mvp-deck/index.html | gallery/v1/manifest.json
gallery/v2/clips/wave-v1.mp4,1310896,0db22c98ffb5fe3cabc585bbeaf4657a494775789232c37c3ad33bafed84e3b3,site 유일본,2,gallery/v1/manifest.json | gallery/v2/manifest.json
