terrain,env_id,episode,start_x_offset_m,start_y_offset_m,start_yaw_deg,overall_success,survival_success,progress_success,tracking_success,direction_success,termination_reason,duration_s,forward_progress_m,ideal_distance_m,progress_ratio,lateral_drift_m,peak_lateral_drift_m,gate_lateral_drift_m,velocity_mae_mps,mean_reward_per_step,traversal_success,gate_speed_mps,speed_drop_ratio,head_contact_count,head_contact_peak_n,head_contact_first_s,roll_abs_p95_deg,pitch_abs_p95_deg,surface_relative_pitch_abs_p95_deg,forward_velocity_rmse_mps,lateral_velocity_rms_mps,joint_torque_rms_nm,action_delta_rms,foot_slip_distance_proxy_m,foot_peak_force_n,foot_impulse_proxy_ns,foot_contact_time_s,foot_contact_events,thigh_peak_force_n,thigh_impulse_proxy_ns,thigh_contact_time_s,thigh_contact_events,calf_peak_force_n,calf_impulse_proxy_ns,calf_contact_time_s,calf_contact_events,base_peak_force_n,base_impulse_proxy_ns,base_contact_time_s,base_contact_events,terrain_relief_scan_m,terrain_relief_underfoot_m,terrain_engagement_ratio,episode_id,eval_spec_version,policy_sha256,seed,run_id
rails,50,1,-0.004,-0.0422,-3.168,False,True,False,False,False,timeout,6.0,0.4095,6.0,0.0683,0.0011,0.0215,,0.9272,0.01349,False,,,266,184.063,0.68,8.314,15.303,14.835,0.9575,0.0151,8.411,0.19459,0.8557,125.029,390.4191,5.9,2,79.729,1.5946,0.02,1,132.006,6.3475,0.22,1,184.063,510.6037,5.32,1,0.115,0.0,0.0,rails_s2_d0.50_v1.0_e001,2,3fb436da27c6edcac0cb142e48ae03dc22a52250f4c5210208f4cd065f1e1998,42,fs1-2500-d0.50
rails,51,1,0.0312,0.0621,3.418,False,True,False,False,False,timeout,6.0,0.3767,6.0,0.0628,0.0099,0.0208,,0.9332,0.013199,False,,,268,3138.141,0.64,8.413,15.195,14.339,0.9613,0.0101,8.441,0.19161,1.0636,158.324,402.4215,5.92,2,0.0,0.0,0.0,0,60.316,3.7536,0.2,2,3138.141,625.2209,5.36,1,0.115,0.0,0.0,rails_s2_d0.50_v1.0_e001,2,3fb436da27c6edcac0cb142e48ae03dc22a52250f4c5210208f4cd065f1e1998,42,fs1-2500-d0.50
rails,52,1,-0.0084,0.0773,0.164,False,True,False,False,False,timeout,6.0,0.4138,6.0,0.069,0.0017,0.0181,,0.9281,0.01336,False,,,266,3423.734,0.68,8.139,15.161,14.726,0.9581,0.0126,8.204,0.19766,0.8845,129.326,393.6929,5.9,2,0.0,0.0,0.0,0,117.794,5.4369,0.16,2,3423.734,549.6597,5.32,1,0.115,0.0,0.0,rails_s2_d0.50_v1.0_e001,2,3fb436da27c6edcac0cb142e48ae03dc22a52250f4c5210208f4cd065f1e1998,42,fs1-2500-d0.50
rails,53,1,-0.0713,0.0414,3.719,False,True,False,False,False,timeout,6.0,0.4801,6.0,0.08,0.0274,0.0274,,0.9191,0.013397,False,,,266,2267.19,0.68,8.555,15.159,15.017,0.9526,0.0106,8.528,0.18801,0.7181,116.99,401.6685,5.9,2,87.955,1.7591,0.02,1,56.954,1.5394,0.04,1,2267.19,569.0875,5.32,1,0.115,0.0,0.0,rails_s2_d0.50_v1.0_e001,2,3fb436da27c6edcac0cb142e48ae03dc22a52250f4c5210208f4cd065f1e1998,42,fs1-2500-d0.50
rails,54,1,0.0974,0.0534,-4.896,False,True,True,False,True,timeout,6.0,4.2784,6.0,0.7131,0.0134,0.0771,0.0764,0.3142,0.025918,True,1.0166,-0.0704,53,2958.87,0.58,4.957,17.355,16.862,0.4623,0.0352,6.807,0.69716,5.512,216.684,422.3614,5.1,12,65.133,1.3027,0.02,1,214.295,58.7061,0.86,5,2958.87,191.5253,1.06,9,0.115,0.115,1.0,rails_s2_d0.50_v1.0_e001,2,3fb436da27c6edcac0cb142e48ae03dc22a52250f4c5210208f4cd065f1e1998,42,fs1-2500-d0.50
rails,55,1,0.0723,-0.0088,-2.365,False,True,False,False,False,timeout,6.0,0.3328,6.0,0.0555,0.0006,0.0164,,0.937,0.012987,False,,,270,2344.491,0.6,8.284,15.728,15.256,0.9626,0.0113,8.466,0.19211,0.8371,147.375,401.7626,5.9,2,26.874,0.5375,0.02,1,572.204,13.5501,0.1,4,2344.491,509.9168,5.4,1,0.115,0.0,0.0,rails_s2_d0.50_v1.0_e001,2,3fb436da27c6edcac0cb142e48ae03dc22a52250f4c5210208f4cd065f1e1998,42,fs1-2500-d0.50
rails,56,1,0.0878,0.0414,-0.795,False,True,False,False,False,timeout,6.0,2.27,6.0,0.3783,0.0793,0.0834,,0.6291,0.019635,False,,-0.035,149,2623.388,0.6,8.639,16.681,15.925,0.7524,0.0296,7.597,0.51114,2.7946,193.142,430.2272,5.44,8,239.269,4.7854,0.02,1,234.021,40.8347,0.56,5,2623.388,312.6018,2.98,6,0.115,0.115,1.0,rails_s2_d0.50_v1.0_e001,2,3fb436da27c6edcac0cb142e48ae03dc22a52250f4c5210208f4cd065f1e1998,42,fs1-2500-d0.50
rails,57,1,0.0082,0.0698,-0.257,False,True,False,False,False,timeout,6.0,0.3968,6.0,0.0661,0.0097,0.0225,,0.9312,0.013055,False,,,267,3356.814,0.66,8.095,14.935,14.558,0.9602,0.0122,8.338,0.19543,0.9343,189.264,395.2451,5.9,2,0.0,0.0,0.0,0,95.182,6.8054,0.24,2,3356.814,595.3436,5.34,1,0.115,0.0,0.0,rails_s2_d0.50_v1.0_e001,2,3fb436da27c6edcac0cb142e48ae03dc22a52250f4c5210208f4cd065f1e1998,42,fs1-2500-d0.50
rails,58,1,0.0838,-0.0125,-4.713,False,True,False,False,False,timeout,6.0,2.2881,6.0,0.3813,0.0658,0.0675,,0.6273,0.019763,False,,-0.101,150,3699.152,0.6,8.908,16.508,15.589,0.7506,0.0292,7.481,0.50898,2.7724,181.841,418.7919,5.48,8,306.062,6.6627,0.04,1,296.897,47.7721,0.66,4,3699.152,365.6508,3.0,3,0.115,0.115,1.0,rails_s2_d0.50_v1.0_e001,2,3fb436da27c6edcac0cb142e48ae03dc22a52250f4c5210208f4cd065f1e1998,42,fs1-2500-d0.50
rails,59,1,0.0543,-0.0232,0.033,False,True,False,False,False,timeout,6.0,0.3514,6.0,0.0586,0.0034,0.0152,,0.9376,0.01302,False,,,269,3113.456,0.62,8.341,15.417,14.404,0.964,0.0123,8.489,0.18934,1.0367,224.776,407.8358,5.92,2,0.0,0.0,0.0,0,30.832,2.6207,0.24,2,3113.456,613.9294,5.38,1,0.115,0.0,0.0,rails_s2_d0.50_v1.0_e001,2,3fb436da27c6edcac0cb142e48ae03dc22a52250f4c5210208f4cd065f1e1998,42,fs1-2500-d0.50
rails,50,2,-0.0774,0.019,2.008,False,True,False,False,False,timeout,6.0,0.4839,6.0,0.0807,0.0133,0.0235,,0.9198,0.014045,False,,,266,2494.76,0.0,8.447,15.629,15.046,0.9538,0.0114,8.085,0.18311,0.9036,117.7,395.0704,5.92,3,77.272,3.0238,0.08,2,106.553,4.8579,0.08,2,2494.76,522.2222,5.32,2,0.115,0.0,0.0,rails_s2_d0.50_v1.0_e002,2,3fb436da27c6edcac0cb142e48ae03dc22a52250f4c5210208f4cd065f1e1998,42,fs1-2500-d0.50
rails,51,2,0.019,0.0042,1.272,False,True,False,False,False,timeout,6.0,0.3871,6.0,0.0645,0.0013,0.0216,,0.9323,0.013466,False,,,268,3326.019,0.0,8.796,15.435,14.343,0.9615,0.0149,8.16,0.20044,0.9685,134.425,399.6855,5.94,3,0.0,0.0,0.0,0,80.494,6.1445,0.26,1,3326.019,596.1396,5.36,2,0.115,0.0,0.0,rails_s2_d0.50_v1.0_e002,2,3fb436da27c6edcac0cb142e48ae03dc22a52250f4c5210208f4cd065f1e1998,42,fs1-2500-d0.50
rails,52,2,-0.0953,-0.0186,1.34,False,True,False,False,False,timeout,6.0,0.5013,6.0,0.0836,0.027,0.0272,,0.9163,0.013804,False,,,266,2501.09,0.0,8.234,15.592,15.259,0.9511,0.0115,8.408,0.18173,0.7403,166.203,409.0205,5.92,3,100.513,2.0103,0.02,1,137.98,2.7596,0.02,1,2501.09,548.674,5.32,2,0.115,0.0,0.0,rails_s2_d0.50_v1.0_e002,2,3fb436da27c6edcac0cb142e48ae03dc22a52250f4c5210208f4cd065f1e1998,42,fs1-2500-d0.50
rails,53,2,-0.0235,-0.0455,3.353,False,True,False,False,False,timeout,6.0,0.4313,6.0,0.0719,0.0066,0.0165,,0.929,0.013443,False,,,267,2376.43,0.0,8.267,15.298,15.154,0.9588,0.0094,8.403,0.19581,0.8127,127.226,399.8084,5.92,3,79.893,1.5979,0.02,1,53.37,1.2041,0.04,1,2376.43,547.0497,5.34,2,0.115,0.0,0.0,rails_s2_d0.50_v1.0_e002,2,3fb436da27c6edcac0cb142e48ae03dc22a52250f4c5210208f4cd065f1e1998,42,fs1-2500-d0.50
rails,54,2,0.0247,-0.0197,-1.825,False,True,False,False,False,timeout,6.0,0.3809,6.0,0.0635,0.0113,0.0154,,0.9344,0.013169,False,,,269,2468.171,0.0,8.998,15.29,14.373,0.9625,0.0162,8.31,0.20058,0.9557,115.539,399.6313,5.94,3,0.0,0.0,0.0,0,49.952,2.9227,0.08,2,2468.171,592.226,5.38,2,0.115,0.0,0.0,rails_s2_d0.50_v1.0_e002,2,3fb436da27c6edcac0cb142e48ae03dc22a52250f4c5210208f4cd065f1e1998,42,fs1-2500-d0.50
rails,55,2,0.0437,-0.0755,-1.322,False,True,False,False,False,timeout,6.0,0.3613,6.0,0.0602,0.007,0.0249,,0.9355,0.013031,False,,,269,371.738,0.0,8.359,15.207,14.526,0.9633,0.0155,8.28,0.1942,1.0623,168.235,397.2914,5.94,3,0.0,0.0,0.0,0,74.26,6.5182,0.2,4,371.738,575.8902,5.38,2,0.115,0.0,0.0,rails_s2_d0.50_v1.0_e002,2,3fb436da27c6edcac0cb142e48ae03dc22a52250f4c5210208f4cd065f1e1998,42,fs1-2500-d0.50
rails,56,2,-0.0216,-0.0765,-2.501,False,True,False,False,False,timeout,6.0,0.4266,6.0,0.0711,0.0006,0.02,,0.9289,0.013765,False,,,267,2623.528,0.0,8.311,15.483,15.529,0.9593,0.0158,8.146,0.20073,0.8464,136.569,393.8403,5.92,3,123.534,3.7192,0.1,2,35.031,1.0062,0.06,2,2623.528,616.9026,5.34,2,0.115,0.0,0.0,rails_s2_d0.50_v1.0_e002,2,3fb436da27c6edcac0cb142e48ae03dc22a52250f4c5210208f4cd065f1e1998,42,fs1-2500-d0.50
rails,57,2,0.0427,-0.0033,-1.884,False,True,False,False,False,timeout,6.0,0.3623,6.0,0.0604,0.0029,0.0226,,0.9343,0.013104,False,,,269,230.471,0.0,8.08,15.102,14.359,0.9619,0.0143,8.354,0.19398,1.041,233.307,398.5031,5.94,3,0.0,0.0,0.0,0,80.155,5.587,0.2,4,230.471,540.7811,5.38,2,0.115,0.0,0.0,rails_s2_d0.50_v1.0_e002,2,3fb436da27c6edcac0cb142e48ae03dc22a52250f4c5210208f4cd065f1e1998,42,fs1-2500-d0.50
rails,58,2,0.0912,0.0852,-4.072,False,True,True,False,True,timeout,6.0,4.3726,6.0,0.7288,0.4012,0.4012,0.2621,0.2969,0.027514,True,1.0346,-0.0414,83,2966.985,0.0,6.355,17.647,17.132,0.4461,0.0366,6.533,0.67528,5.5083,351.447,432.0894,5.18,14,206.6,7.8898,0.06,2,232.61,52.372,0.84,4,2966.985,202.0343,1.66,10,0.115,0.115,1.0,rails_s2_d0.50_v1.0_e002,2,3fb436da27c6edcac0cb142e48ae03dc22a52250f4c5210208f4cd065f1e1998,42,fs1-2500-d0.50
rails,59,2,0.023,-0.0584,2.401,False,True,False,False,False,timeout,6.0,0.3838,6.0,0.064,0.0033,0.0198,,0.9336,0.013281,False,,,269,3332.574,0.0,8.257,15.485,14.563,0.9622,0.0135,8.175,0.1922,1.0169,177.458,400.2104,5.92,3,0.0,0.0,0.0,0,66.624,6.7424,0.26,1,3332.574,569.2634,5.38,2,0.115,0.0,0.0,rails_s2_d0.50_v1.0_e002,2,3fb436da27c6edcac0cb142e48ae03dc22a52250f4c5210208f4cd065f1e1998,42,fs1-2500-d0.50
rails,50,3,0.0264,0.0451,0.506,False,True,False,False,False,timeout,6.0,0.3792,6.0,0.0632,0.0148,0.0285,,0.9334,0.012881,False,,,269,2760.766,0.0,8.038,15.278,14.591,0.9615,0.0155,8.408,0.20346,0.8774,210.806,397.0982,5.92,3,0.0,0.0,0.0,0,47.292,4.9827,0.32,2,2760.766,599.4614,5.38,2,0.115,0.0,0.0,rails_s2_d0.50_v1.0_e003,2,3fb436da27c6edcac0cb142e48ae03dc22a52250f4c5210208f4cd065f1e1998,42,fs1-2500-d0.50
rails,51,3,0.0388,0.0677,4.21,False,True,False,False,False,timeout,6.0,0.3701,6.0,0.0617,0.0123,0.0275,,0.9367,0.012982,False,,,269,2579.464,0.0,8.284,15.2,14.582,0.9646,0.0148,8.438,0.19892,0.9901,135.808,407.7054,5.94,3,0.0,0.0,0.0,0,126.046,8.5236,0.3,2,2579.464,665.5952,5.38,2,0.115,0.0,0.0,rails_s2_d0.50_v1.0_e003,2,3fb436da27c6edcac0cb142e48ae03dc22a52250f4c5210208f4cd065f1e1998,42,fs1-2500-d0.50
rails,52,3,-0.028,0.0889,3.067,False,True,False,False,False,timeout,6.0,0.4354,6.0,0.0726,0.0052,0.0206,,0.9262,0.013735,False,,,266,567.577,0.0,8.068,15.312,15.427,0.9571,0.0136,8.256,0.19425,0.7985,136.763,397.2183,5.92,3,109.033,4.858,0.14,1,44.358,3.1598,0.12,2,567.577,521.5383,5.32,2,0.115,0.0,0.0,rails_s2_d0.50_v1.0_e003,2,3fb436da27c6edcac0cb142e48ae03dc22a52250f4c5210208f4cd065f1e1998,42,fs1-2500-d0.50
rails,53,3,-0.0224,-0.0669,1.505,False,True,False,False,False,timeout,6.0,0.4284,6.0,0.0714,0.0021,0.0168,,0.9295,0.013672,False,,,267,3556.521,0.0,8.246,15.466,15.544,0.9598,0.0126,8.138,0.19992,0.8488,123.664,392.2426,5.92,3,78.063,2.7387,0.1,2,37.562,2.8781,0.1,2,3556.521,629.9019,5.34,2,0.115,0.0,0.0,rails_s2_d0.50_v1.0_e003,2,3fb436da27c6edcac0cb142e48ae03dc22a52250f4c5210208f4cd065f1e1998,42,fs1-2500-d0.50
rails,54,3,0.0869,-0.0557,-2.133,False,True,False,False,False,timeout,6.0,0.3177,6.0,0.053,0.0058,0.0169,,0.9382,0.012985,False,,,270,210.54,0.0,8.968,16.263,15.415,0.9638,0.0105,8.51,0.18976,0.7975,164.549,403.9888,5.9,3,0.0,0.0,0.0,0,21.323,1.1196,0.06,2,210.54,500.4402,5.4,3,0.115,0.0,0.0,rails_s2_d0.50_v1.0_e003,2,3fb436da27c6edcac0cb142e48ae03dc22a52250f4c5210208f4cd065f1e1998,42,fs1-2500-d0.50
rails,55,3,0.0719,0.0397,1.464,False,True,True,False,True,timeout,6.0,3.228,6.0,0.538,0.0732,0.0732,0.0356,0.4827,0.0216,True,0.9207,-0.06,75,3079.324,0.0,8.996,16.084,15.499,0.6252,0.0406,7.305,0.60432,4.0845,201.884,429.0736,5.46,10,2.761,0.0552,0.02,1,241.022,83.1522,1.18,9,3079.324,238.5366,1.5,6,0.115,0.115,1.0,rails_s2_d0.50_v1.0_e003,2,3fb436da27c6edcac0cb142e48ae03dc22a52250f4c5210208f4cd065f1e1998,42,fs1-2500-d0.50
rails,56,3,0.0661,0.0399,0.281,False,True,False,False,False,timeout,6.0,0.3392,6.0,0.0565,0.005,0.0182,,0.938,0.01303,False,,,269,108.501,0.0,8.678,15.502,14.891,0.9648,0.012,8.387,0.20122,0.8589,193.887,402.4212,5.92,3,0.0,0.0,0.0,0,30.644,1.742,0.08,4,108.501,557.3292,5.38,3,0.115,0.0,0.0,rails_s2_d0.50_v1.0_e003,2,3fb436da27c6edcac0cb142e48ae03dc22a52250f4c5210208f4cd065f1e1998,42,fs1-2500-d0.50
rails,57,3,0.082,0.0538,2.534,False,True,False,False,False,timeout,6.0,0.3248,6.0,0.0541,0.0089,0.0154,,0.9404,0.013094,False,,,270,3032.626,0.0,9.052,15.914,15.312,0.9656,0.0091,8.43,0.19322,0.8755,138.492,394.8267,5.92,3,0.0,0.0,0.0,0,57.165,2.3965,0.1,2,3032.626,597.3381,5.4,3,0.115,0.0,0.0,rails_s2_d0.50_v1.0_e003,2,3fb436da27c6edcac0cb142e48ae03dc22a52250f4c5210208f4cd065f1e1998,42,fs1-2500-d0.50
rails,58,3,-0.0186,0.0701,0.802,False,True,False,False,False,timeout,6.0,0.424,6.0,0.0707,0.0056,0.014,,0.9288,0.01342,False,,,267,3109.779,0.0,8.337,15.151,15.463,0.9589,0.0146,8.291,0.18983,0.8169,115.546,396.9527,5.92,3,91.615,1.8323,0.02,1,23.311,1.1233,0.08,3,3109.779,571.1672,5.34,2,0.115,0.0,0.0,rails_s2_d0.50_v1.0_e003,2,3fb436da27c6edcac0cb142e48ae03dc22a52250f4c5210208f4cd065f1e1998,42,fs1-2500-d0.50
rails,59,3,-0.0517,0.0852,-1.49,False,True,False,False,False,timeout,6.0,0.4564,6.0,0.0761,0.0064,0.0182,,0.9225,0.01383,False,,,266,438.42,0.0,8.695,15.765,15.765,0.9546,0.0113,8.256,0.19515,0.7472,129.993,401.9392,5.92,3,30.086,0.6017,0.02,1,46.383,1.7959,0.08,2,438.42,497.0043,5.32,2,0.115,0.0,0.0,rails_s2_d0.50_v1.0_e003,2,3fb436da27c6edcac0cb142e48ae03dc22a52250f4c5210208f4cd065f1e1998,42,fs1-2500-d0.50
